StartDate,EndDate,Status,IPAddress,Progress,Duration (in seconds),Finished,RecordedDate,ResponseId,se tiene en cuenta,razon,showupfee simple,showup fee extendido
2/4/2022 17:48,2/4/2022 18:19,0,186.154.38.166,100,1808,1,2/4/2022 18:19,R_DwXI7H1FigMtXH3,SI,RECIBIDA,no,si
2/6/2022 9:16,2/6/2022 9:48,0,191.95.48.34,100,1900,1,2/6/2022 9:48,R_2bJ0a1nPTrPFrfz,SI,RECIBIDA,no,si
2/5/2022 23:23,2/5/2022 23:55,0,181.78.16.179,100,1921,1,2/5/2022 23:55,R_31XbB48jxR5w5L3,SI,RECIBIDA,no,si
2/4/2022 20:23,2/4/2022 20:55,0,191.156.34.49,100,1929,1,2/4/2022 20:55,R_1jJrX9NR9pvOTP5,SI,RECIBIDA,no,si
2/4/2022 17:06,2/4/2022 17:38,0,186.82.84.198,100,1951,1,2/4/2022 17:38,R_Qgh3w1nyBAIXzWN,SI,RECIBIDA,no,si
2/6/2022 8:09,2/6/2022 8:41,0,191.95.156.29,100,1959,1,2/6/2022 8:41,R_2EgbcuE1sV92vnQ,SI,RECIBIDA,no,si
2/4/2022 16:25,2/4/2022 16:58,0,201.182.251.138,100,1977,1,2/4/2022 16:58,R_51rJtiRzUy9iCzv,SI,RECIBIDA,no,si
2/6/2022 14:02,2/6/2022 14:38,0,190.251.177.217,100,2161,1,2/6/2022 14:38,R_3KJeJJFKD7JgMgF,SI,RECIBIDA,no,si
1/28/2022 18:17,1/28/2022 18:54,0,181.58.39.208,100,2227,1,1/28/2022 18:54,R_26euWoOsF2LjFRn,SI,RECIBIDA,no,si
2/5/2022 16:26,2/5/2022 17:03,0,186.80.54.74,100,2254,1,2/5/2022 17:03,R_3fYSnnJWNRoWZ9A,SI,RECIBIDA,no,si
2/4/2022 16:17,2/4/2022 16:55,0,186.99.119.16,100,2263,1,2/4/2022 16:55,R_AgJflBdsRHLgTlL,SI,RECIBIDA,no,si
2/4/2022 21:04,2/4/2022 21:43,0,181.52.108.32,100,2327,1,2/4/2022 21:43,R_2QgRMIhveiIfB5v,SI,RECIBIDA,no,si
2/5/2022 3:54,2/5/2022 4:33,0,181.33.222.2,100,2329,1,2/5/2022 4:33,R_SUC23EM5eTKYoZH,SI,RECIBIDA,no,si
2/6/2022 7:13,2/6/2022 7:52,0,186.119.75.56,100,2353,1,2/6/2022 7:52,R_3QDwyWjTDo6uOb0,SI,RECIBIDA,no,si
2/4/2022 16:51,2/4/2022 17:31,0,186.154.31.27,100,2368,1,2/4/2022 17:31,R_sng4IIas2mXDVT3,SI,RECIBIDA,no,si
1/28/2022 15:52,1/28/2022 16:31,0,181.51.34.205,100,2371,1,1/28/2022 16:31,R_1r0OYzbCploPARI,SI,RECIBIDA,no,si
1/28/2022 17:03,1/28/2022 17:42,0,186.102.188.31,100,2378,1,1/28/2022 17:42,R_3safOCr1ie2jjq4,SI,RECIBIDA,no,si
2/5/2022 7:29,2/5/2022 8:10,0,191.91.89.181,100,2437,1,2/5/2022 8:10,R_3NQzbvUqqwoztG6,SI,RECIBIDA,no,si
2/4/2022 16:33,2/4/2022 17:14,0,186.84.212.255,100,2438,1,2/4/2022 17:14,R_3FV5FCPDmTBFwTw,SI,RECIBIDA,no,si
2/3/2022 11:12,2/3/2022 11:53,0,190.158.25.239,100,2457,1,2/3/2022 11:53,R_1FtemuKdLSdhT7v,SI,RECIBIDA,no,si
2/4/2022 16:16,2/4/2022 16:57,0,191.95.131.25,100,2485,1,2/4/2022 16:57,R_2w6y5yd4gMfTph5,SI,RECIBIDA,no,si
2/4/2022 16:29,2/4/2022 17:11,0,186.102.46.161,100,2486,1,2/4/2022 17:11,R_2BevZ3kfICkRkiT,SI,RECIBIDA,no,si
2/5/2022 6:17,2/5/2022 6:58,0,190.67.197.64,100,2501,1,2/5/2022 6:58,R_2Sjd0Em3XJ8K0F0,SI,RECIBIDA,no,si
2/7/2022 5:07,2/7/2022 5:49,0,191.156.151.10,100,2524,1,2/7/2022 5:49,R_PAKioIYqu80BAqZ,SI,RECIBIDA,no,si
1/29/2022 10:17,1/29/2022 10:59,0,190.66.66.129,100,2530,1,1/29/2022 10:59,R_2v0yKa6efl2OZH4,SI,RECIBIDA,no,si
1/29/2022 13:22,1/29/2022 14:05,0,181.237.138.206,100,2536,1,1/29/2022 14:05,R_24sO4yTFAIoT2DL,SI,RECIBIDA,no,si
2/4/2022 17:38,2/4/2022 18:21,0,186.82.117.84,100,2543,1,2/4/2022 18:21,R_1dmiWD6Tg2MAdtz,SI,RECIBIDA,no,si
2/5/2022 7:09,2/5/2022 7:51,0,181.140.169.22,100,2546,1,2/5/2022 7:51,R_8Aee8b4t9VkqKYx,SI,RECIBIDA,no,si
2/4/2022 18:10,2/4/2022 18:53,0,181.225.107.122,100,2562,1,2/4/2022 18:53,R_1pm5WJHKtR8ssJO,SI,RECIBIDA,no,si
2/4/2022 17:10,2/4/2022 17:52,0,179.19.136.222,100,2563,1,2/4/2022 17:52,R_1jJlu9PxK7x8rOm,SI,RECIBIDA,no,si
2/6/2022 12:16,2/6/2022 12:59,0,191.95.166.85,100,2577,1,2/6/2022 12:59,R_3LbEa8xmPrcueXT,SI,RECIBIDA,no,si
2/4/2022 17:41,2/4/2022 18:25,0,179.13.166.70,100,2582,1,2/4/2022 18:25,R_ezCPI6h4FASdSAF,SI,RECIBIDA,no,si
2/4/2022 18:35,2/4/2022 19:18,0,179.12.39.59,100,2582,1,2/4/2022 19:18,R_1OSPDKyNOudU7Yd,SI,RECIBIDA,no,si
1/28/2022 16:00,1/28/2022 16:43,0,177.255.163.50,100,2591,1,1/28/2022 16:43,R_1QoUjM4ydCNbjLA,SI,RECIBIDA,no,si
2/6/2022 7:34,2/6/2022 8:17,0,179.12.44.164,100,2609,1,2/6/2022 8:18,R_3oAVCGqa7FlBsT4,SI,RECIBIDA,no,si
2/4/2022 14:22,2/4/2022 15:05,0,186.84.22.116,100,2613,1,2/4/2022 15:05,R_1jJTL3XYZUekYMH,SI,RECIBIDA,no,si
2/4/2022 17:11,2/4/2022 17:55,0,191.95.35.179,100,2627,1,2/4/2022 17:55,R_1E3PzHkjPA2dUrf,SI,RECIBIDA,no,si
2/6/2022 7:13,2/6/2022 7:57,0,186.155.105.87,100,2637,1,2/6/2022 7:57,R_2SCbTAwAMIy14CS,SI,RECIBIDA,no,si
2/5/2022 15:00,2/5/2022 15:44,0,138.117.86.5,100,2646,1,2/5/2022 15:44,R_XXifu6SlXPpeNvH,SI,RECIBIDA,no,si
1/28/2022 16:45,1/28/2022 17:30,0,201.233.80.209,100,2658,1,1/28/2022 17:30,R_DIUloeVd7XhAud3,SI,RECIBIDA,no,si
2/5/2022 8:22,2/5/2022 9:06,0,181.140.55.242,100,2660,1,2/5/2022 9:06,R_1hFoeI7GcmtM6vO,SI,RECIBIDA,no,si
2/3/2022 14:53,2/3/2022 15:37,0,191.95.133.142,100,2666,1,2/3/2022 15:38,R_1n6jjOWfqhTqaMs,SI,RECIBIDA,no,si
2/4/2022 16:17,2/4/2022 17:01,0,181.78.18.133,100,2673,1,2/4/2022 17:01,R_1dayANdpu9xvQK5,SI,RECIBIDA,no,si
2/4/2022 17:12,2/4/2022 17:57,0,191.95.175.211,100,2673,1,2/4/2022 17:57,R_3gNrXDaN5wyYoiJ,SI,RECIBIDA,no,si
2/4/2022 16:41,2/4/2022 17:26,0,181.78.20.11,100,2674,1,2/4/2022 17:26,R_2awNQ6lhMVGWgK2,SI,RECIBIDA,no,si
2/4/2022 16:57,2/4/2022 17:42,0,191.95.26.228,100,2684,1,2/4/2022 17:42,R_BJ8C8jEYV0P7iVz,SI,RECIBIDA,no,si
2/6/2022 8:24,2/6/2022 9:09,0,181.51.32.200,100,2684,1,2/6/2022 9:09,R_3MyvJT8cv5cgBrE,SI,RECIBIDA,no,si
2/6/2022 15:56,2/6/2022 16:42,0,190.157.40.38,100,2710,1,2/6/2022 16:42,R_3JxQipgNrmkECO7,SI,RECIBIDA,no,si
2/4/2022 16:19,2/4/2022 17:04,0,181.51.32.204,100,2712,1,2/4/2022 17:04,R_27OU8nagHW1HYvK,SI,RECIBIDA,no,si
2/4/2022 18:36,2/4/2022 19:21,0,181.71.193.239,100,2717,1,2/4/2022 19:21,R_qWoXAAAau8ZlRcd,SI,RECIBIDA,no,si
2/4/2022 16:18,2/4/2022 17:04,0,181.58.151.224,100,2718,1,2/4/2022 17:04,R_22yNuuPpLC7kVfH,SI,RECIBIDA,no,si
2/4/2022 16:18,2/4/2022 17:03,0,201.185.33.10,100,2726,1,2/4/2022 17:03,R_1MStOFegSvCsrK7,SI,RECIBIDA,no,si
2/5/2022 4:30,2/5/2022 5:16,0,186.102.47.242,100,2733,1,2/5/2022 5:16,R_AiyxAQoSeI8fixz,SI,RECIBIDA,no,si
1/29/2022 0:12,1/29/2022 0:58,0,191.156.39.250,100,2747,1,1/29/2022 0:58,R_3M9fGN2HPnb4Dup,SI,RECIBIDA,no,si
2/4/2022 16:19,2/4/2022 17:05,0,190.61.43.106,100,2772,1,2/4/2022 17:05,R_3gTbvgEhvAihUsa,SI,RECIBIDA,no,si
2/6/2022 12:11,2/6/2022 12:57,0,179.12.41.64,100,2774,1,2/6/2022 12:57,R_1JKsJrtAn4wh9Gi,SI,RECIBIDA,no,si
2/6/2022 7:21,2/6/2022 8:07,0,190.157.180.77,100,2777,1,2/6/2022 8:07,R_3lYPvTvHaP7Ov3X,SI,RECIBIDA,no,si
2/4/2022 19:07,2/4/2022 19:54,0,191.95.60.79,100,2802,1,2/4/2022 19:54,R_2czKeNgd9UxUswR,SI,RECIBIDA,no,si
2/4/2022 20:31,2/4/2022 21:19,0,181.51.152.180,100,2842,1,2/4/2022 21:19,R_11cG62aaF32JFgv,SI,RECIBIDA,no,si
2/6/2022 17:04,2/6/2022 17:51,0,191.92.139.10,100,2842,1,2/6/2022 17:51,R_3knQ400x2ZdT4RD,SI,RECIBIDA,no,si
1/28/2022 15:51,1/28/2022 16:39,0,181.154.103.48,100,2845,1,1/28/2022 16:39,R_O44PjntCE1bUQjT,SI,RECIBIDA,no,si
2/7/2022 10:34,2/7/2022 11:22,0,191.95.128.2,100,2846,1,2/7/2022 11:22,R_bNrLl9eMOCvcKXv,SI,RECIBIDA,no,si
2/4/2022 16:25,2/4/2022 17:12,0,190.130.88.74,100,2855,1,2/4/2022 17:12,R_1ifcwItO7J0Qvlg,SI,RECIBIDA,no,si
2/5/2022 14:59,2/5/2022 15:47,0,190.90.242.222,100,2878,1,2/5/2022 15:47,R_3pr4W3JLZhVVGHR,SI,RECIBIDA,no,si
2/4/2022 16:28,2/4/2022 17:16,0,190.28.214.239,100,2890,1,2/4/2022 17:16,R_3hyzkjL6keWbJaM,SI,RECIBIDA,no,si
2/4/2022 16:37,2/4/2022 17:26,0,181.50.102.102,100,2919,1,2/4/2022 17:26,R_3r2p9tvTCoAmXIn,SI,RECIBIDA,no,si
2/7/2022 10:59,2/7/2022 11:47,0,181.51.208.114,100,2921,1,2/7/2022 11:47,R_3RwsBBhuUfP2jRj,SI,RECIBIDA,no,si
2/7/2022 12:56,2/7/2022 13:45,0,186.81.100.156,100,2939,1,2/7/2022 13:45,R_0oHbJiRIMuw1igh,SI,RECIBIDA,no,si
2/4/2022 16:17,2/4/2022 17:06,0,181.139.156.248,100,2944,1,2/4/2022 17:06,R_Aze6JeebA6aWSoV,SI,RECIBIDA,no,si
2/4/2022 17:49,2/4/2022 18:38,0,186.31.215.103,100,2949,1,2/4/2022 18:38,R_3qPULco5SMRRNVX,SI,RECIBIDA,no,si
2/6/2022 12:31,2/6/2022 13:20,0,190.128.57.178,100,2951,1,2/6/2022 13:20,R_1DUAMBuX1CMmZHO,SI,RECIBIDA,no,si
2/4/2022 19:12,2/4/2022 20:02,0,181.234.155.111,100,2953,1,2/4/2022 20:02,R_50jqxWODRREVRUR,SI,RECIBIDA,no,si
2/4/2022 17:30,2/4/2022 18:19,0,190.96.147.42,100,2954,1,2/4/2022 18:19,R_2CqyBNMszV1v0eD,SI,RECIBIDA,no,si
2/7/2022 10:49,2/7/2022 11:38,0,181.234.159.149,100,2954,1,2/7/2022 11:38,R_3ly0DRIg8EJkvW7,SI,RECIBIDA,no,si
2/4/2022 17:06,2/4/2022 17:55,0,191.95.166.1,100,2957,1,2/4/2022 17:55,R_2WGy7VfasZL0sLG,SI,RECIBIDA,no,si
2/4/2022 16:58,2/4/2022 17:48,0,181.57.67.229,100,2961,1,2/4/2022 17:48,R_25FnbXBMICVnVOa,SI,RECIBIDA,no,si
2/6/2022 20:38,2/6/2022 21:28,0,191.106.150.129,100,2973,1,2/6/2022 21:28,R_3QDgTWgAYZpAIoJ,SI,RECIBIDA,no,si
2/5/2022 17:55,2/5/2022 18:44,0,186.82.84.48,100,2991,1,2/5/2022 18:44,R_AANZPn0NjDVVO6d,SI,RECIBIDA,no,si
2/4/2022 20:14,2/4/2022 21:04,0,181.56.113.195,100,3007,1,2/4/2022 21:04,R_ddm90FBfbbbXOsF,SI,RECIBIDA,no,si
2/4/2022 21:42,2/4/2022 22:32,0,161.18.6.245,100,3007,1,2/4/2022 22:32,R_2cuc3xrriHblKO1,SI,RECIBIDA,no,si
2/4/2022 16:17,2/4/2022 17:07,0,191.102.120.26,100,3008,1,2/4/2022 17:07,R_30eplevK4RCHvqb,SI,RECIBIDA,no,si
2/1/2022 11:02,2/1/2022 11:52,0,181.51.162.56,100,3010,1,2/1/2022 11:52,R_1ob7kQo8DQm4ZWL,SI,RECIBIDA,no,si
1/28/2022 16:23,1/28/2022 17:13,0,190.71.21.36,100,3018,1,1/28/2022 17:13,R_0ihGKSU6fgKVTnH,SI,RECIBIDA,no,si
2/6/2022 7:11,2/6/2022 8:02,0,191.97.4.114,100,3021,1,2/6/2022 8:02,R_AgMifVCLEq4tM0p,SI,RECIBIDA,no,si
2/4/2022 16:31,2/4/2022 17:22,0,191.95.129.112,100,3055,1,2/4/2022 17:22,R_325zX4aVSKEKaEQ,SI,RECIBIDA,no,si
2/4/2022 22:46,2/4/2022 23:37,0,186.145.207.56,100,3062,1,2/4/2022 23:37,R_1FM0cCjtZi25I6Q,SI,RECIBIDA,no,si
2/5/2022 7:22,2/5/2022 8:13,0,191.88.232.190,100,3075,1,2/5/2022 8:13,R_3PMm3GXXyl7Ukbo,SI,RECIBIDA,no,si
1/29/2022 6:21,1/29/2022 7:13,0,186.84.90.241,100,3079,1,1/29/2022 7:13,R_2PhTUyAw6OLpFl0,SI,RECIBIDA,no,si
2/6/2022 8:06,2/6/2022 8:57,0,181.134.18.241,100,3082,1,2/6/2022 8:57,R_1DzId3iFRKww7YQ,SI,RECIBIDA,no,si
2/2/2022 11:41,2/2/2022 12:32,0,45.168.236.68,100,3086,1,2/2/2022 12:32,R_21EXJ3XvQJI1z5H,SI,RECIBIDA,no,si
2/4/2022 16:15,2/4/2022 17:07,0,191.95.136.59,100,3090,1,2/4/2022 17:07,R_1CeBD1FZQkwuimZ,SI,RECIBIDA,no,si
2/4/2022 22:14,2/4/2022 23:06,0,18.228.14.120,100,3096,1,2/4/2022 23:06,R_2tu5xSN1x7Ow6q9,SI,RECIBIDA,no,si
2/7/2022 12:45,2/7/2022 13:36,0,191.156.254.40,100,3101,1,2/7/2022 13:36,R_2cC3znoYa2h7prB,SI,RECIBIDA,no,si
2/4/2022 16:21,2/4/2022 17:13,0,186.0.67.233,100,3110,1,2/4/2022 17:13,R_1C1tlw1KoRuLOQA,SI,RECIBIDA,no,si
2/4/2022 17:25,2/4/2022 18:17,0,190.251.112.121,100,3110,1,2/4/2022 18:17,R_29cBsCOCzymOwUS,SI,RECIBIDA,no,si
2/4/2022 16:53,2/4/2022 17:45,0,186.86.52.235,100,3112,1,2/4/2022 17:45,R_2ahLgvUFJL9L3Df,SI,RECIBIDA,no,si
2/5/2022 5:05,2/5/2022 5:57,0,181.55.68.1,100,3118,1,2/5/2022 5:57,R_9YPD0h105eIUq2d,SI,RECIBIDA,no,si
2/5/2022 6:36,2/5/2022 7:28,0,179.14.195.201,100,3118,1,2/5/2022 7:28,R_3qyhnjpeXE0A4rX,SI,RECIBIDA,no,si
2/4/2022 19:12,2/4/2022 20:04,0,186.84.88.192,100,3129,1,2/4/2022 20:04,R_2TuCkcTNAXoa8PL,SI,RECIBIDA,no,si
2/4/2022 22:43,2/4/2022 23:35,0,190.84.131.9,100,3149,1,2/4/2022 23:35,R_2bNm6wZALZNdT9L,SI,RECIBIDA,no,si
2/7/2022 10:39,2/7/2022 11:32,0,190.68.206.3,100,3150,1,2/7/2022 11:32,R_AiIjv4IPXmgRSbn,SI,RECIBIDA,no,si
2/5/2022 7:14,2/5/2022 8:07,0,177.254.61.182,100,3172,1,2/5/2022 8:07,R_1JJYuT147PkD9aX,SI,RECIBIDA,no,si
1/28/2022 16:44,1/28/2022 17:37,0,190.66.69.25,100,3198,1,1/28/2022 17:37,R_zcLNUCKmd8pGY8h,SI,RECIBIDA,no,si
2/4/2022 16:21,2/4/2022 17:14,0,181.58.39.218,100,3210,1,2/4/2022 17:14,R_3CNPqcTfYlkczmn,SI,RECIBIDA,no,si
1/28/2022 16:27,1/28/2022 17:21,0,191.95.131.22,100,3211,1,1/28/2022 17:21,R_1GwqYVJa0GlKmcp,SI,RECIBIDA,no,si
2/7/2022 11:03,2/7/2022 11:57,0,186.86.52.74,100,3211,1,2/7/2022 11:57,R_bsKanECKvmgjmb7,SI,RECIBIDA,no,si
2/4/2022 16:17,2/4/2022 17:11,0,191.95.136.57,100,3212,1,2/4/2022 17:11,R_t0qtB72vhy2Uh1f,SI,RECIBIDA,no,si
2/6/2022 7:53,2/6/2022 8:46,0,201.221.172.40,100,3213,1,2/6/2022 8:46,R_3MhZcqiweLAb7Eg,SI,RECIBIDA,no,si
2/4/2022 17:47,2/4/2022 18:40,0,186.29.230.64,100,3216,1,2/4/2022 18:40,R_SBgCxCYRsqGijfP,SI,RECIBIDA,no,si
1/29/2022 7:53,1/29/2022 8:47,0,201.233.104.61,100,3235,1,1/29/2022 8:47,R_wY5P5VA1zf50hqN,SI,RECIBIDA,no,si
1/28/2022 15:59,1/28/2022 16:53,0,191.88.155.99,100,3237,1,1/28/2022 16:53,R_8vxO3DuravRBtzX,SI,RECIBIDA,no,si
2/4/2022 16:20,2/4/2022 17:14,0,191.95.141.117,100,3245,1,2/4/2022 17:14,R_1QF9mJEWTIcBfVf,SI,RECIBIDA,no,si
2/7/2022 12:24,2/7/2022 13:18,0,190.7.146.235,100,3250,1,2/7/2022 13:18,R_27d83PHFG7YE40f,SI,RECIBIDA,no,si
2/4/2022 16:16,2/4/2022 17:10,0,181.235.47.117,100,3259,1,2/4/2022 17:10,R_1mlbdtbT5AtPOn6,SI,RECIBIDA,no,si
1/28/2022 15:53,1/28/2022 16:47,0,186.82.84.250,100,3268,1,1/28/2022 16:47,R_1o1kjIVO1BDdK0l,SI,RECIBIDA,no,si
2/6/2022 9:44,2/6/2022 10:39,0,191.95.60.13,100,3270,1,2/6/2022 10:39,R_1N4w91RecRPWRJR,SI,RECIBIDA,no,si
2/1/2022 15:21,2/1/2022 16:16,0,181.60.27.86,100,3302,1,2/1/2022 16:16,R_2CqzG6RtLS0UnTM,SI,RECIBIDA,no,si
2/5/2022 11:20,2/5/2022 12:15,0,67.73.231.128,100,3308,1,2/5/2022 12:15,R_ezgHYJbPK5t5UY1,SI,RECIBIDA,no,si
2/7/2022 13:35,2/7/2022 14:30,0,186.28.33.109,100,3308,1,2/7/2022 14:30,R_2SxgninQAEROTnd,SI,RECIBIDA,no,si
2/4/2022 20:42,2/4/2022 21:37,0,186.83.255.69,100,3312,1,2/4/2022 21:37,R_2zRPpHDRP92jfLL,SI,RECIBIDA,no,si
2/4/2022 19:51,2/4/2022 20:47,0,181.78.21.149,100,3320,1,2/4/2022 20:47,R_3qDS4xQE8wFCxaR,SI,RECIBIDA,no,si
2/4/2022 20:41,2/4/2022 21:37,0,181.235.157.47,100,3326,1,2/4/2022 21:37,R_2fGIDxAtpgB84E6,SI,RECIBIDA,no,si
2/4/2022 18:44,2/4/2022 19:39,0,181.60.45.86,100,3328,1,2/4/2022 19:39,R_3PAJPPOBBvZ5SgZ,SI,RECIBIDA,no,si
2/4/2022 16:27,2/4/2022 17:22,0,190.84.119.127,100,3329,1,2/4/2022 17:22,R_2TGlnaURtshfQNN,SI,RECIBIDA,no,si
2/4/2022 17:21,2/4/2022 18:16,0,181.56.85.206,100,3333,1,2/4/2022 18:16,R_1PTWmFg4RmNwACp,SI,RECIBIDA,no,si
2/7/2022 10:34,2/7/2022 11:30,0,24.45.151.202,100,3334,1,2/7/2022 11:30,R_PSNyrpmcO6zArpD,SI,RECIBIDA,no,si
2/7/2022 11:11,2/7/2022 12:07,0,83.52.98.103,100,3337,1,2/7/2022 12:07,R_1LqkiZ3WdCiTeaa,SI,RECIBIDA,no,si
2/4/2022 16:24,2/4/2022 17:20,0,179.12.76.146,100,3338,1,2/4/2022 17:20,R_3G7YXhjRjGwCaa0,SI,RECIBIDA,no,si
2/5/2022 18:31,2/5/2022 19:27,0,186.84.174.208,100,3343,1,2/5/2022 19:27,R_3Jtp1TWT6m04ikc,SI,RECIBIDA,no,si
2/5/2022 5:40,2/5/2022 6:36,0,186.114.1.237,100,3347,1,2/5/2022 6:36,R_2V3jcwfVRuBLC2S,SI,RECIBIDA,no,si
2/5/2022 11:36,2/5/2022 12:32,0,186.30.145.238,100,3350,1,2/5/2022 12:32,R_3fN9bRAmm3A5jHQ,SI,RECIBIDA,no,si
2/6/2022 8:53,2/6/2022 9:49,0,181.62.53.49,100,3356,1,2/6/2022 9:49,R_2qdDDdc9TqSJeCp,SI,RECIBIDA,no,si
2/7/2022 5:59,2/7/2022 6:55,0,191.95.166.5,84,3374,0,2/7/2022 15:32,R_27NDlO0AMl8iiyB,SI,RECIBIDA,no,si
2/4/2022 19:21,2/4/2022 20:17,0,45.65.234.117,100,3376,1,2/4/2022 20:17,R_3dNejZVPdEbIxTj,SI,RECIBIDA,no,si
2/7/2022 11:28,2/7/2022 12:24,0,15.228.186.189,100,3376,1,2/7/2022 12:24,R_2rqqCU1q7BkNDSD,SI,RECIBIDA,no,si
2/5/2022 7:51,2/5/2022 8:47,0,186.82.179.189,100,3378,1,2/5/2022 8:47,R_SAG6JdRnuCW2X2V,SI,RECIBIDA,no,si
2/4/2022 19:02,2/4/2022 19:58,0,186.169.136.80,100,3382,1,2/4/2022 19:58,R_3MrHTR08o2n8YyM,SI,RECIBIDA,no,si
1/30/2022 17:43,1/30/2022 18:40,0,191.156.10.58,100,3402,1,1/30/2022 18:40,R_1hxUvlpdF7xX7MB,SI,RECIBIDA,no,si
2/4/2022 16:25,2/4/2022 17:22,0,181.135.3.219,100,3405,1,2/4/2022 17:22,R_2EgG3iayRHKQayX,SI,RECIBIDA,no,si
2/5/2022 4:04,2/5/2022 5:01,0,191.95.31.207,100,3409,1,2/5/2022 5:01,R_247wAHNmDBTXbjE,SI,RECIBIDA,no,si
2/6/2022 8:19,2/6/2022 9:16,0,177.254.134.85,100,3425,1,2/6/2022 9:16,R_eUKBiHKdXtJzobf,SI,RECIBIDA,no,si
2/7/2022 10:37,2/7/2022 11:34,0,186.84.89.176,100,3430,1,2/7/2022 11:34,R_31FQnt7t4fJfJDK,SI,RECIBIDA,no,si
2/6/2022 15:40,2/6/2022 16:38,0,186.154.87.150,100,3431,1,2/6/2022 16:38,R_3KGBi5QlIDqGAiB,SI,RECIBIDA,no,si
2/4/2022 18:35,2/4/2022 19:32,0,181.61.82.247,100,3434,1,2/4/2022 19:32,R_1puiaAdmJql71wl,SI,RECIBIDA,no,si
2/4/2022 16:21,2/4/2022 17:19,0,181.128.98.51,100,3439,1,2/4/2022 17:19,R_1hZ8nUXiNgZ6Pm1,SI,RECIBIDA,no,si
2/5/2022 6:06,2/5/2022 7:04,0,181.62.52.91,100,3441,1,2/5/2022 7:04,R_1KpOyazNm2nxZtG,SI,RECIBIDA,no,si
2/4/2022 16:34,2/4/2022 17:32,0,191.95.130.140,100,3449,1,2/4/2022 17:32,R_25LpEGvRwaSKO1m,SI,RECIBIDA,no,si
2/7/2022 7:48,2/7/2022 8:46,0,152.200.103.10,100,3449,1,2/7/2022 8:46,R_tRigs3VkHlRXGxP,SI,RECIBIDA,no,si
2/4/2022 16:26,2/4/2022 17:23,0,181.52.129.116,100,3453,1,2/4/2022 17:23,R_2y7P4HbNVP78ZRH,SI,RECIBIDA,no,si
2/4/2022 16:24,2/4/2022 17:22,0,190.96.147.42,100,3467,1,2/4/2022 17:22,R_1Dwlx1LN79on3KY,SI,RECIBIDA,no,si
2/7/2022 6:44,2/7/2022 7:42,0,181.136.237.232,100,3471,1,2/7/2022 7:42,R_3Pi997ociQPNuoy,SI,RECIBIDA,no,si
1/28/2022 16:32,1/28/2022 17:30,0,191.102.221.240,100,3474,1,1/28/2022 17:30,R_1eK4DNzqkgJNBUh,SI,RECIBIDA,no,si
2/7/2022 14:34,2/7/2022 15:32,0,186.0.68.45,84,3476,0,2/7/2022 15:32,R_yPi1m8fCEPfnZ6N,SI,RECIBIDA,no,si
2/4/2022 16:46,2/4/2022 17:44,0,186.98.250.168,100,3479,1,2/4/2022 17:44,R_RxJ9BoHF7AGUNoZ,SI,RECIBIDA,no,si
2/7/2022 12:10,2/7/2022 13:08,0,186.116.225.103,100,3480,1,2/7/2022 13:08,R_1mOXI9BP6aUgM5X,SI,RECIBIDA,no,si
2/7/2022 12:24,2/7/2022 13:22,0,201.190.74.193,100,3481,1,2/7/2022 13:22,R_12s62H11Mm2978A,SI,RECIBIDA,no,si
2/4/2022 16:23,2/4/2022 17:21,0,181.56.90.217,100,3484,1,2/4/2022 17:21,R_12F5aG3MOsnGhGD,SI,RECIBIDA,no,si
2/7/2022 13:55,2/7/2022 14:53,0,186.114.58.246,100,3490,1,2/7/2022 14:53,R_3EMTINlnxcx7A7Y,SI,RECIBIDA,no,si
2/4/2022 16:26,2/4/2022 17:25,0,191.95.129.221,100,3505,1,2/4/2022 17:25,R_BzZzLGPqnc8ytKF,SI,RECIBIDA,no,si
2/7/2022 5:54,2/7/2022 6:53,0,181.58.38.11,100,3505,1,2/7/2022 6:53,R_UYnbwPCwd3HMuNb,SI,RECIBIDA,no,si
2/7/2022 11:46,2/7/2022 12:44,0,204.199.97.173,100,3505,1,2/7/2022 12:44,R_3JLu5S6HyfUSe3E,SI,RECIBIDA,no,si
1/29/2022 9:48,1/29/2022 10:47,0,181.55.115.39,100,3523,1,1/29/2022 10:47,R_8wZToaFoWBkDfCp,SI,RECIBIDA,no,si
2/4/2022 16:21,2/4/2022 17:20,0,181.206.20.219,100,3523,1,2/4/2022 17:20,R_1nZ6gnepME1LLxD,SI,RECIBIDA,no,si
2/4/2022 16:36,2/4/2022 17:35,0,181.140.65.231,100,3523,1,2/4/2022 17:35,R_1SWc8brG44Tvugx,SI,RECIBIDA,no,si
2/7/2022 10:53,2/7/2022 11:52,0,181.59.233.223,100,3523,1,2/7/2022 11:52,R_0AItWXdCZbu4IWl,SI,RECIBIDA,no,si
1/28/2022 12:00,1/28/2022 12:58,0,186.10.120.126,100,3524,1,1/28/2022 12:58,R_qBYEl3NhxyQt5v3,SI,RECIBIDA,no,si
2/4/2022 16:33,2/4/2022 17:32,0,204.199.113.46,100,3528,1,2/4/2022 17:32,R_3s601QOh99Ob2Yq,SI,RECIBIDA,no,si
2/6/2022 16:30,2/6/2022 17:29,0,186.84.0.218,100,3530,1,2/6/2022 17:29,R_3O9pI48yJk19XOe,SI,RECIBIDA,no,si
2/5/2022 11:48,2/5/2022 12:47,0,181.51.32.223,100,3544,1,2/5/2022 12:47,R_3oIaOmM173nwmXo,SI,RECIBIDA,no,si
2/4/2022 19:00,2/4/2022 19:59,0,186.84.21.73,100,3551,1,2/4/2022 19:59,R_3irjSFx0Cq0bcYv,SI,RECIBIDA,no,si
1/28/2022 15:52,1/28/2022 16:51,0,191.95.164.44,100,3553,1,1/28/2022 16:51,R_3kuZIHGTNwBe6uL,SI,RECIBIDA,no,si
2/4/2022 17:00,2/4/2022 18:00,0,190.29.90.135,100,3558,1,2/4/2022 18:00,R_2Ber70PwYS5KEvX,SI,RECIBIDA,no,si
2/5/2022 0:58,2/5/2022 1:57,0,181.136.232.152,100,3565,1,2/5/2022 1:57,R_3OpMNx3ILq0x2JE,SI,RECIBIDA,no,si
2/2/2022 18:06,2/2/2022 19:06,0,186.27.143.154,100,3567,1,2/2/2022 19:06,R_3PAVHdliJk7ogHF,SI,RECIBIDA,no,si
2/4/2022 18:44,2/4/2022 19:44,0,190.66.212.50,100,3570,1,2/4/2022 19:44,R_1pzGYKzfJLsiZRD,SI,RECIBIDA,no,si
1/29/2022 5:52,1/29/2022 6:52,0,190.28.75.86,100,3572,1,1/29/2022 6:52,R_a8LAaUlhV3OmQZb,SI,RECIBIDA,no,si
1/28/2022 15:55,1/28/2022 16:55,0,186.155.32.229,100,3581,1,1/28/2022 16:55,R_1q7B4SBvIHWV1Fn,SI,RECIBIDA,no,si
2/6/2022 7:50,2/6/2022 8:50,0,191.88.69.152,100,3582,1,2/6/2022 8:50,R_OBYvfxsY1teqXEB,SI,RECIBIDA,no,si
2/4/2022 16:17,2/4/2022 17:17,0,186.102.77.218,100,3590,1,2/4/2022 17:17,R_1K9cKZw3By0y9WU,SI,RECIBIDA,no,si
1/29/2022 5:42,1/29/2022 6:42,0,181.144.29.68,100,3592,1,1/29/2022 6:42,R_sNoJBoPCxldh321,SI,RECIBIDA,no,si
2/4/2022 16:33,2/4/2022 17:33,0,191.107.182.208,100,3606,1,2/4/2022 17:33,R_3O2HQue1dcY0fGC,SI,RECIBIDA,no,si
1/28/2022 17:18,1/28/2022 18:18,0,191.95.149.151,100,3613,1,1/28/2022 18:18,R_2cvF59PJzMbtzWU,SI,RECIBIDA,no,si
2/7/2022 10:38,2/7/2022 11:38,0,181.234.144.93,100,3618,1,2/7/2022 11:38,R_1etyFKDQA1esAJe,SI,RECIBIDA,no,si
1/29/2022 2:17,1/29/2022 3:18,0,181.133.2.171,100,3623,1,1/29/2022 3:18,R_pxFl2jdy64ojIAx,SI,RECIBIDA,no,si
2/6/2022 7:55,2/6/2022 8:55,0,186.154.173.154,100,3626,1,2/6/2022 8:55,R_2UhHbb3RxAdKaeU,SI,RECIBIDA,no,si
2/6/2022 12:48,2/6/2022 13:48,0,186.102.51.173,100,3630,1,2/6/2022 13:48,R_3MPvuo4WjMxSBo1,SI,RECIBIDA,no,si
2/5/2022 14:33,2/5/2022 15:34,0,186.118.112.41,100,3642,1,2/5/2022 15:34,R_263Yz9y1GAHF9d9,SI,RECIBIDA,no,si
2/7/2022 9:09,2/7/2022 10:10,0,186.28.179.161,100,3649,1,2/7/2022 10:10,R_ZmEjjL951LkFrK9,SI,RECIBIDA,no,si
2/5/2022 5:47,2/5/2022 6:47,0,191.156.176.236,100,3652,1,2/5/2022 6:48,R_wLA5VTpTk2iMNs5,SI,RECIBIDA,no,si
2/7/2022 8:04,2/7/2022 9:05,0,186.30.85.69,100,3653,1,2/7/2022 9:05,R_2tF13OqjvqPyXGI,SI,RECIBIDA,no,si
2/1/2022 7:39,2/1/2022 8:39,0,181.57.16.118,100,3654,1,2/1/2022 8:40,R_2f2jachRmTpV76T,SI,RECIBIDA,no,si
2/7/2022 5:54,2/7/2022 6:56,0,190.85.18.197,100,3673,1,2/7/2022 6:56,R_6txID3FBagMDON3,SI,RECIBIDA,no,si
2/6/2022 12:34,2/6/2022 13:35,0,186.154.34.47,100,3675,1,2/6/2022 13:35,R_2SiVu8fHLG0tAfz,SI,RECIBIDA,no,si
2/5/2022 13:04,2/5/2022 14:05,0,190.28.175.57,100,3680,1,2/5/2022 14:05,R_246hcVWQyB1RlpS,SI,RECIBIDA,no,si
2/4/2022 16:40,2/4/2022 17:42,0,190.157.110.252,100,3690,1,2/4/2022 17:42,R_25yFqurc0jrc7nh,SI,RECIBIDA,no,si
2/2/2022 21:40,2/2/2022 22:42,0,186.82.84.23,100,3695,1,2/2/2022 22:42,R_3G8JcPeuBCQdV9r,SI,RECIBIDA,no,si
1/28/2022 16:21,1/28/2022 17:22,0,191.156.151.130,100,3699,1,1/28/2022 17:22,R_UftxQL1jyjvZuCt,SI,RECIBIDA,no,si
2/2/2022 19:52,2/2/2022 20:54,0,191.95.51.74,100,3707,1,2/2/2022 20:54,R_yWKcphWrfmazay5,SI,RECIBIDA,no,si
2/4/2022 19:57,2/4/2022 20:58,0,186.144.44.253,100,3714,1,2/4/2022 20:59,R_3JKtBV9uHsMg9Gz,SI,RECIBIDA,no,si
2/5/2022 18:16,2/5/2022 19:17,0,201.221.176.2,100,3716,1,2/5/2022 19:17,R_3iQ2lnMl3TKnvZT,SI,RECIBIDA,no,si
2/6/2022 10:25,2/6/2022 11:27,0,45.172.218.7,100,3722,1,2/6/2022 11:27,R_0ICKV9fwdNAZCGR,SI,RECIBIDA,no,si
2/5/2022 20:07,2/5/2022 21:09,0,191.156.148.77,100,3726,1,2/5/2022 21:09,R_3qCKPXvhQYDaHC1,SI,RECIBIDA,no,si
2/4/2022 16:16,2/4/2022 17:18,0,186.84.89.242,100,3730,1,2/4/2022 17:18,R_1LLPKXohm6wXJau,SI,RECIBIDA,no,si
2/4/2022 16:25,2/4/2022 17:27,0,190.84.116.210,100,3731,1,2/4/2022 17:27,R_9pqfPqdg9U4ZPJD,SI,RECIBIDA,no,si
1/28/2022 20:59,1/28/2022 22:02,0,186.84.22.52,100,3736,1,1/28/2022 22:02,R_30nIjIgACSLJeyZ,SI,RECIBIDA,no,si
1/29/2022 10:28,1/29/2022 11:31,0,181.71.240.7,100,3739,1,1/29/2022 11:31,R_3GoCYtXUAWZBEuN,SI,RECIBIDA,no,si
2/5/2022 7:18,2/5/2022 8:20,0,191.95.129.129,100,3739,1,2/5/2022 8:20,R_32Mix6IaI87KKvy,SI,RECIBIDA,no,si
2/4/2022 19:49,2/4/2022 20:52,0,191.92.244.183,100,3740,1,2/4/2022 20:52,R_SZbF9vd2KnB7O81,SI,RECIBIDA,no,si
2/3/2022 11:26,2/3/2022 12:28,0,170.246.113.196,100,3741,1,2/3/2022 12:28,R_bBHM9JeVW5R3l6h,SI,RECIBIDA,no,si
2/5/2022 13:23,2/5/2022 14:26,0,186.119.192.182,100,3760,1,2/5/2022 14:26,R_12KmuxFe9zcvmKU,SI,RECIBIDA,no,si
2/7/2022 5:46,2/7/2022 6:49,0,181.225.80.28,100,3760,1,2/7/2022 6:49,R_10ASuNjk49G7Mv4,SI,RECIBIDA,no,si
2/7/2022 13:25,2/7/2022 14:28,0,191.156.142.245,100,3773,1,2/7/2022 14:28,R_2xKxFXv8eb21JdN,SI,RECIBIDA,no,si
2/7/2022 10:50,2/7/2022 11:53,0,181.48.219.197,100,3779,1,2/7/2022 11:53,R_3J2YSDJ49gwDZl8,SI,RECIBIDA,no,si
1/29/2022 14:15,1/29/2022 15:19,0,191.91.216.159,100,3791,1,1/29/2022 15:19,R_pcpNHY1m2zMPuuJ,SI,RECIBIDA,no,si
2/4/2022 17:13,2/4/2022 18:17,0,186.86.32.68,100,3796,1,2/4/2022 18:17,R_3lRD0RW13wkT6vI,SI,RECIBIDA,no,si
1/28/2022 15:53,1/28/2022 16:57,0,181.49.85.222,100,3807,1,1/28/2022 16:57,R_6JTLmUcvpkfzSal,SI,RECIBIDA,no,si
1/31/2022 7:27,1/31/2022 8:31,0,179.19.239.111,100,3824,1,1/31/2022 8:31,R_20YBwOVy7qk8Adu,SI,RECIBIDA,no,si
2/4/2022 17:33,2/4/2022 18:37,0,190.84.117.194,100,3829,1,2/4/2022 18:37,R_27NAkdNH3euPHPa,SI,RECIBIDA,no,si
2/4/2022 20:00,2/4/2022 21:04,0,138.117.86.5,100,3834,1,2/4/2022 21:04,R_1CCTOcvoWrITydQ,SI,RECIBIDA,no,si
2/5/2022 18:11,2/5/2022 19:15,0,190.90.242.212,100,3836,1,2/5/2022 19:15,R_3qjSl6iEqiLG2CD,SI,RECIBIDA,no,si
2/6/2022 15:07,2/6/2022 16:11,0,179.33.113.123,100,3847,1,2/6/2022 16:11,R_5vyxckL5VA3Y47v,SI,RECIBIDA,no,si
2/3/2022 1:31,2/3/2022 2:35,0,217.120.155.244,100,3857,1,2/3/2022 2:35,R_3fW5TAtqVXX8VPx,SI,RECIBIDA,no,si
2/4/2022 16:40,2/4/2022 17:45,0,181.128.47.28,100,3860,1,2/4/2022 17:45,R_2CTesOSgLhlGalz,SI,RECIBIDA,no,si
2/6/2022 16:32,2/6/2022 17:36,0,190.157.36.122,100,3861,1,2/6/2022 17:36,R_6F4VMRoCXxuBrvH,SI,RECIBIDA,no,si
2/4/2022 19:33,2/4/2022 20:37,0,181.54.70.37,100,3863,1,2/4/2022 20:37,R_1M05tVfhWpX4O7f,SI,RECIBIDA,no,si
2/6/2022 13:14,2/6/2022 14:18,0,181.61.173.198,100,3863,1,2/6/2022 14:18,R_3Dw2SiqMO6pITS0,SI,RECIBIDA,no,si
2/5/2022 8:35,2/5/2022 9:40,0,190.26.143.197,100,3866,1,2/5/2022 9:40,R_3lEU94Jt4fuKGk6,SI,RECIBIDA,no,si
2/5/2022 20:54,2/5/2022 21:58,0,181.52.63.83,100,3876,1,2/5/2022 21:58,R_3HHe6IOiLzud5v7,SI,RECIBIDA,no,si
1/28/2022 17:07,1/28/2022 18:12,0,181.130.4.26,100,3881,1,1/28/2022 18:12,R_1K3eHlMRZuYevWx,SI,RECIBIDA,no,si
2/7/2022 13:01,2/7/2022 14:05,0,186.168.86.174,100,3881,1,2/7/2022 14:05,R_23ejcPGSIagrQYR,SI,RECIBIDA,no,si
1/28/2022 16:11,1/28/2022 17:16,0,181.235.76.55,100,3882,1,1/28/2022 17:16,R_2fkwIBpDWxLj9rI,SI,RECIBIDA,no,si
2/5/2022 6:51,2/5/2022 7:56,0,190.13.82.194,100,3890,1,2/5/2022 7:56,R_2BfdMy83Ym97F8Z,SI,RECIBIDA,no,si
2/4/2022 17:38,2/4/2022 18:43,0,191.95.23.12,100,3892,1,2/4/2022 18:43,R_3CUETvXQReCX5da,SI,RECIBIDA,no,si
2/4/2022 18:42,2/4/2022 19:47,0,186.86.32.234,100,3900,1,2/4/2022 19:47,R_3kcXH315bvv26xL,SI,RECIBIDA,no,si
2/4/2022 17:32,2/4/2022 18:37,0,191.95.143.66,100,3907,1,2/4/2022 18:37,R_cOaOaBegtRK257X,SI,RECIBIDA,no,si
2/4/2022 20:12,2/4/2022 21:17,0,181.63.228.193,100,3908,1,2/4/2022 21:17,R_1GHU8G6b0Q6rHxG,SI,RECIBIDA,no,si
2/6/2022 7:33,2/6/2022 8:38,0,191.95.30.27,100,3922,1,2/6/2022 8:38,R_2y91mZTVe4QQ6xu,SI,RECIBIDA,no,si
2/4/2022 16:17,2/4/2022 17:22,0,181.129.174.42,100,3930,1,2/4/2022 17:22,R_2s5XLMacWzX1bkB,SI,RECIBIDA,no,si
2/4/2022 20:26,2/4/2022 21:31,0,186.146.221.102,100,3931,1,2/4/2022 21:31,R_3htZmxHUrbDLLKb,SI,RECIBIDA,no,si
2/6/2022 8:52,2/6/2022 9:58,0,201.182.249.182,100,3948,1,2/6/2022 9:58,R_2yeeLxWbbBZqavH,SI,RECIBIDA,no,si
2/6/2022 5:13,2/6/2022 6:19,0,191.95.39.146,100,3952,1,2/6/2022 6:19,R_1jfZYrD2SnlaGUO,SI,RECIBIDA,no,si
2/7/2022 11:53,2/7/2022 12:59,0,186.154.124.12,100,3964,1,2/7/2022 12:59,R_6RkLkZMEExCAJDH,SI,RECIBIDA,no,si
2/5/2022 5:08,2/5/2022 6:14,0,186.114.201.124,100,3975,1,2/5/2022 6:14,R_1dcuqiUaAdRTxWD,SI,RECIBIDA,no,si
2/7/2022 13:42,2/7/2022 14:48,0,191.95.154.85,100,3975,1,2/7/2022 14:48,R_2q9iHsnHRk44FNn,SI,RECIBIDA,no,si
2/5/2022 8:46,2/5/2022 9:53,0,186.159.17.222,100,3977,1,2/5/2022 9:53,R_3m3N13GoI1Al66L,SI,RECIBIDA,no,si
2/6/2022 11:56,2/6/2022 13:03,0,191.91.188.192,100,3978,1,2/6/2022 13:03,R_32WsBT6aeXaozLb,SI,RECIBIDA,no,si
1/29/2022 7:23,1/29/2022 8:30,0,181.136.230.106,100,3985,1,1/29/2022 8:30,R_1gbfuP1PZLsrJPH,SI,RECIBIDA,no,si
2/4/2022 16:16,2/4/2022 17:23,0,179.1.82.7,100,3995,1,2/4/2022 17:23,R_benI80rZjKeDY5z,SI,RECIBIDA,no,si
2/4/2022 17:50,2/4/2022 18:56,0,181.141.75.211,100,4001,1,2/4/2022 18:56,R_w5Aa2Y6r6j6RTdn,SI,RECIBIDA,no,si
2/4/2022 16:29,2/4/2022 17:36,0,181.50.10.207,100,4002,1,2/4/2022 17:36,R_1PTxgFyvyTQIi3g,SI,RECIBIDA,no,si
1/28/2022 16:40,1/28/2022 17:46,0,181.55.74.162,100,4011,1,1/28/2022 17:46,R_27C2iBqyhTjPzm0,SI,RECIBIDA,no,si
1/29/2022 5:25,1/29/2022 6:31,0,186.84.89.12,100,4013,1,1/29/2022 6:31,R_rfDYIwjy0qWq2Ax,SI,RECIBIDA,no,si
2/4/2022 20:11,2/4/2022 21:18,0,186.82.85.255,100,4013,1,2/4/2022 21:18,R_pFycexvQJ27Z1g5,SI,RECIBIDA,no,si
2/5/2022 6:55,2/5/2022 8:02,0,152.200.10.165,100,4022,1,2/5/2022 8:02,R_1qWnaorkVNPZTbs,SI,RECIBIDA,no,si
2/7/2022 10:35,2/7/2022 11:43,0,190.84.119.156,100,4030,1,2/7/2022 11:43,R_3P79PTCd0bPN4OK,SI,RECIBIDA,no,si
1/28/2022 15:51,1/28/2022 16:59,0,181.78.4.122,100,4041,1,1/28/2022 16:59,R_yKkzA3uDRi6AAtr,SI,RECIBIDA,no,si
2/4/2022 17:33,2/4/2022 18:40,0,181.78.12.94,100,4048,1,2/4/2022 18:40,R_1IAEm5uNnnuCFGh,SI,RECIBIDA,no,si
2/5/2022 12:19,2/5/2022 13:27,0,191.95.27.149,100,4052,1,2/5/2022 13:27,R_2fHXu7wmY3L0Bgm,SI,RECIBIDA,no,si
2/5/2022 5:37,2/5/2022 6:44,0,190.7.113.63,100,4053,1,2/5/2022 6:44,R_1EcaeZEnL1unkcT,SI,RECIBIDA,no,si
2/6/2022 7:19,2/6/2022 8:27,0,15.228.186.189,100,4062,1,2/6/2022 8:27,R_1gi3a6ddYyhwoxX,SI,RECIBIDA,no,si
1/28/2022 16:29,1/28/2022 17:37,0,181.54.70.36,100,4067,1,1/28/2022 17:37,R_qL2VDAvmCbm7Avn,SI,RECIBIDA,no,si
2/6/2022 12:44,2/6/2022 13:52,0,190.202.211.83,100,4070,1,2/6/2022 13:52,R_bw7BMYYC8VXuzhD,SI,RECIBIDA,no,si
2/4/2022 17:10,2/4/2022 18:18,0,179.1.0.163,100,4073,1,2/4/2022 18:18,R_2VlFK8rtRyB3ITm,SI,RECIBIDA,no,si
2/4/2022 20:01,2/4/2022 21:09,0,181.136.215.69,100,4081,1,2/4/2022 21:09,R_3RebIuQ2mk9GnHc,SI,RECIBIDA,no,si
2/4/2022 17:05,2/4/2022 18:13,0,191.110.114.89,100,4084,1,2/4/2022 18:13,R_31FM3ulYqK55TgY,SI,RECIBIDA,no,si
1/28/2022 16:13,1/28/2022 17:21,0,186.144.189.96,100,4087,1,1/28/2022 17:21,R_Dvj5izuFAgQhmg1,SI,RECIBIDA,no,si
2/7/2022 6:10,2/7/2022 7:19,0,191.156.41.63,100,4107,1,2/7/2022 7:19,R_PtHmf7AFUqeqAeJ,SI,RECIBIDA,no,si
2/4/2022 17:49,2/4/2022 18:58,0,181.78.6.106,100,4109,1,2/4/2022 18:58,R_1f92r6zfXf4kAly,SI,RECIBIDA,no,si
2/4/2022 16:37,2/4/2022 17:45,0,181.128.31.219,100,4123,1,2/4/2022 17:46,R_3ESZoj2kFzTbXM1,SI,RECIBIDA,no,si
1/31/2022 11:51,1/31/2022 13:00,0,190.90.100.215,100,4124,1,1/31/2022 13:00,R_2a9vxWyRyBVEE9w,SI,RECIBIDA,no,si
2/4/2022 18:37,2/4/2022 19:45,0,177.255.58.202,100,4128,1,2/4/2022 19:45,R_3QXnmRD8gxQHjpO,SI,RECIBIDA,no,si
2/4/2022 16:24,2/4/2022 17:33,0,186.84.90.113,100,4129,1,2/4/2022 17:33,R_2s7oIFXfenpBZrR,SI,RECIBIDA,no,si
2/6/2022 7:56,2/6/2022 9:05,0,186.28.243.19,100,4135,1,2/6/2022 9:05,R_1Hq7xD4f7ne9tTa,SI,RECIBIDA,no,si
2/4/2022 16:43,2/4/2022 17:52,0,191.95.153.86,100,4142,1,2/4/2022 17:52,R_1ImAqBGgXqILkd5,SI,RECIBIDA,no,si
2/4/2022 21:10,2/4/2022 22:19,0,99.113.161.93,100,4153,1,2/4/2022 22:19,R_8IETO1u2otNoGgV,SI,RECIBIDA,no,si
2/4/2022 16:23,2/4/2022 17:33,0,181.55.20.236,100,4158,1,2/4/2022 17:33,R_11araaiKoz7CPpe,SI,RECIBIDA,no,si
1/28/2022 15:51,1/28/2022 17:01,0,190.2.213.116,100,4159,1,1/28/2022 17:01,R_2SxJ5RQVa0ZJGzk,SI,RECIBIDA,no,si
2/6/2022 7:12,2/6/2022 8:21,0,200.118.61.119,100,4161,1,2/6/2022 8:21,R_2xXZMcHBZf5jHWt,SI,RECIBIDA,no,si
2/5/2022 7:45,2/5/2022 8:54,0,181.50.102.25,100,4165,1,2/5/2022 8:54,R_1IHtPDY08UtO4yH,SI,RECIBIDA,no,si
2/5/2022 13:41,2/5/2022 14:50,0,186.145.212.47,100,4169,1,2/5/2022 14:50,R_1FRGv63wTXXw7QB,SI,RECIBIDA,no,si
2/7/2022 10:49,2/7/2022 11:58,0,179.19.28.162,100,4186,1,2/7/2022 11:58,R_VJX3NZ4fYTsT5Ml,SI,RECIBIDA,no,si
2/4/2022 19:49,2/4/2022 20:59,0,186.118.201.141,100,4193,1,2/4/2022 20:59,R_ehepnECTaqlowvv,SI,RECIBIDA,no,si
2/7/2022 11:42,2/7/2022 12:52,0,190.147.233.139,100,4196,1,2/7/2022 12:52,R_08TY7RE74j3cEAF,SI,RECIBIDA,no,si
2/7/2022 6:39,2/7/2022 7:49,0,190.14.226.109,100,4202,1,2/7/2022 7:50,R_VRadvUH3VIwc1eF,SI,RECIBIDA,no,si
2/6/2022 9:38,2/6/2022 10:48,0,190.97.72.255,100,4204,1,2/6/2022 10:48,R_psEW3zdhKcKUdUd,SI,RECIBIDA,no,si
1/28/2022 20:19,1/28/2022 21:29,0,179.15.103.132,100,4207,1,1/28/2022 21:29,R_2bTvLSKYer7Iorh,SI,RECIBIDA,no,si
2/5/2022 14:14,2/5/2022 15:24,0,186.114.21.149,100,4212,1,2/5/2022 15:24,R_3ELN6MMtM2jsr8l,SI,RECIBIDA,no,si
2/7/2022 10:38,2/7/2022 11:48,0,190.252.62.207,100,4225,1,2/7/2022 11:48,R_3saEM56WDlgB19y,SI,RECIBIDA,no,si
2/4/2022 18:14,2/4/2022 19:24,0,131.100.51.3,100,4230,1,2/4/2022 19:24,R_3M3Qxo8koc53648,SI,RECIBIDA,no,si
2/6/2022 15:18,2/6/2022 16:28,0,190.26.159.245,100,4233,1,2/6/2022 16:28,R_27vf0hoq6CjfwG7,SI,RECIBIDA,no,si
1/28/2022 16:10,1/28/2022 17:21,0,190.90.17.230,100,4244,1,1/28/2022 17:21,R_2R87o0oRiH5Jl0K,SI,RECIBIDA,no,si
2/5/2022 14:16,2/5/2022 15:27,0,186.169.159.188,100,4261,1,2/5/2022 15:28,R_1mE1pBBNdG6Vz8i,SI,RECIBIDA,no,si
2/4/2022 20:56,2/4/2022 22:08,0,181.235.30.80,100,4278,1,2/4/2022 22:08,R_3FKvybkejmPhONT,SI,RECIBIDA,no,si
2/4/2022 16:43,2/4/2022 17:54,0,190.90.18.58,100,4282,1,2/4/2022 17:54,R_2qkLqrwX4eyZkAX,SI,RECIBIDA,no,si
2/4/2022 21:18,2/4/2022 22:29,0,181.59.153.62,100,4286,1,2/4/2022 22:29,R_3rTV94xCyJrBsTy,SI,RECIBIDA,no,si
1/28/2022 16:03,1/28/2022 17:15,0,186.112.232.30,100,4290,1,1/28/2022 17:15,R_2VL3GcVCVxM4geb,SI,RECIBIDA,no,si
2/4/2022 21:03,2/4/2022 22:15,0,181.78.13.141,100,4298,1,2/4/2022 22:15,R_2sCmbgmArY3yaNb,SI,RECIBIDA,no,si
2/5/2022 1:11,2/5/2022 2:23,0,186.84.88.130,100,4314,1,2/5/2022 2:23,R_3oF9J9JHD9pe6Fu,SI,RECIBIDA,no,si
2/4/2022 18:17,2/4/2022 19:29,0,161.10.124.77,100,4318,1,2/4/2022 19:29,R_1rvtyzjWRcK5PQt,SI,RECIBIDA,no,si
2/7/2022 14:03,2/7/2022 15:15,0,186.118.7.112,100,4326,1,2/7/2022 15:15,R_2Vxso7T3tE3Qvdf,SI,RECIBIDA,no,si
2/4/2022 18:22,2/4/2022 19:34,0,190.84.88.120,100,4345,1,2/4/2022 19:34,R_CdChfGIJHSTvkBP,SI,RECIBIDA,no,si
2/4/2022 17:19,2/4/2022 18:32,0,186.102.65.197,100,4351,1,2/4/2022 18:32,R_3MxlNe2gkEq1xjq,SI,RECIBIDA,no,si
1/28/2022 20:45,1/28/2022 21:58,0,190.143.42.85,100,4369,1,1/28/2022 21:58,R_3Ez1lC5jcscJfbC,SI,RECIBIDA,no,si
1/28/2022 16:30,1/28/2022 17:43,0,186.169.88.231,100,4370,1,1/28/2022 17:43,R_1F98I3ujFmzJcUL,SI,RECIBIDA,no,si
2/5/2022 6:28,2/5/2022 7:41,0,181.61.178.172,100,4374,1,2/5/2022 7:41,R_27U0zx34Y3xt3lf,SI,RECIBIDA,no,si
2/4/2022 17:00,2/4/2022 18:13,0,191.92.60.31,100,4378,1,2/4/2022 18:13,R_1Q3Dt2AIWWJtZeC,SI,RECIBIDA,no,si
2/5/2022 21:01,2/5/2022 22:14,0,45.176.234.112,100,4380,1,2/5/2022 22:14,R_1f2fQ9hLlV56ImB,SI,RECIBIDA,no,si
2/7/2022 11:41,2/7/2022 12:54,0,181.78.13.134,100,4380,1,2/7/2022 12:54,R_2axAhesP7jRZjll,SI,RECIBIDA,no,si
1/28/2022 15:57,1/28/2022 17:10,0,161.10.104.3,100,4390,1,1/28/2022 17:10,R_3KvTsuqcAufpY0c,SI,RECIBIDA,no,si
2/4/2022 19:58,2/4/2022 21:11,0,186.84.21.212,100,4398,1,2/4/2022 21:12,R_sSZctyGiexMsjrr,SI,RECIBIDA,no,si
1/30/2022 8:21,1/30/2022 9:35,0,181.138.13.63,100,4432,1,1/30/2022 9:35,R_U9I3ybMKSXhxlcd,SI,RECIBIDA,no,si
2/4/2022 17:01,2/4/2022 18:15,0,186.99.160.91,100,4435,1,2/4/2022 18:15,R_2VaKF7x5QtdtAUG,SI,RECIBIDA,no,si
2/5/2022 5:50,2/5/2022 7:04,0,8.242.210.162,100,4443,1,2/5/2022 7:04,R_2yezFWuroY6wn8s,SI,RECIBIDA,no,si
2/4/2022 19:21,2/4/2022 20:35,0,186.86.128.10,100,4446,1,2/4/2022 20:35,R_1rcy6McoHNRbWI3,SI,RECIBIDA,no,si
2/5/2022 6:13,2/5/2022 7:27,0,186.169.240.132,100,4448,1,2/5/2022 7:28,R_2sTFQU61HV8Z4Yk,SI,RECIBIDA,no,si
2/4/2022 17:35,2/4/2022 18:49,0,45.172.222.7,100,4450,1,2/4/2022 18:49,R_3ikwgqeYd46czpj,SI,RECIBIDA,no,si
2/6/2022 17:25,2/6/2022 18:40,0,186.81.164.135,100,4455,1,2/6/2022 18:40,R_33jdjEEMLDAUpiQ,SI,RECIBIDA,no,si
2/4/2022 16:21,2/4/2022 17:36,0,181.62.28.221,100,4471,1,2/4/2022 17:36,R_3sn7fqIPLItTIrN,SI,RECIBIDA,no,si
2/6/2022 1:06,2/6/2022 2:21,0,181.237.10.1,100,4473,1,2/6/2022 2:21,R_1jEd01Kdve8867J,SI,RECIBIDA,no,si
2/6/2022 15:04,2/6/2022 16:19,0,186.170.175.204,100,4473,1,2/6/2022 16:19,R_10Mgu4Z8SJSoIvC,SI,RECIBIDA,no,si
2/7/2022 10:44,2/7/2022 11:59,0,190.253.246.15,100,4481,1,2/7/2022 11:59,R_2zFInpsPC9EkQnx,SI,RECIBIDA,no,si
1/29/2022 10:51,1/29/2022 12:06,0,181.51.104.238,100,4483,1,1/29/2022 12:06,R_1mP3txH9cKrbqEb,SI,RECIBIDA,no,si
2/5/2022 20:11,2/5/2022 21:26,0,190.24.57.249,100,4487,1,2/5/2022 21:26,R_3flNTsCQwBeuNIs,SI,RECIBIDA,no,si
2/4/2022 17:27,2/4/2022 18:42,0,190.0.244.170,100,4495,1,2/4/2022 18:42,R_31SNSk02xDWNVCe,SI,RECIBIDA,no,si
2/5/2022 16:11,2/5/2022 17:26,0,191.102.127.220,100,4500,1,2/5/2022 17:26,R_2S3ks1eNkK3Sgvg,SI,RECIBIDA,no,si
2/4/2022 16:18,2/4/2022 17:33,0,190.130.86.168,100,4501,1,2/4/2022 17:33,R_3qdEUwcDoKRC3nV,SI,RECIBIDA,no,si
2/4/2022 16:32,2/4/2022 17:47,0,181.50.102.112,100,4517,1,2/4/2022 17:47,R_2D2cqPaXrMEKojH,SI,RECIBIDA,no,si
2/6/2022 7:56,2/6/2022 9:11,0,179.19.176.219,100,4523,1,2/6/2022 9:11,R_3nPDenSN2NHXB08,SI,RECIBIDA,no,si
2/6/2022 9:56,2/6/2022 11:12,0,179.12.217.254,100,4523,1,2/6/2022 11:12,R_OGYHjqFlzK6Z9yp,SI,RECIBIDA,no,si
2/4/2022 23:21,2/5/2022 0:37,0,181.62.53.55,100,4541,1,2/5/2022 0:37,R_2D8iuKawJOq7iYR,SI,RECIBIDA,no,si
2/5/2022 17:51,2/5/2022 19:07,0,15.228.186.189,100,4542,1,2/5/2022 19:07,R_1oAxXz5pBAaIWgZ,SI,RECIBIDA,no,si
2/5/2022 8:41,2/5/2022 9:56,0,186.84.20.13,100,4551,1,2/5/2022 9:57,R_3frxEeKJkglsp34,SI,RECIBIDA,no,si
2/5/2022 19:08,2/5/2022 20:24,0,186.84.22.248,100,4554,1,2/5/2022 20:24,R_1ovhHjWCsbuzBYa,SI,RECIBIDA,no,si
2/5/2022 16:26,2/5/2022 17:42,0,186.154.74.7,100,4561,1,2/5/2022 17:42,R_cUO8kwY7KKennDX,SI,RECIBIDA,no,si
1/29/2022 9:44,1/29/2022 11:00,0,186.84.88.207,100,4574,1,1/29/2022 11:00,R_DOD8ySfCLMpErJf,SI,RECIBIDA,no,si
2/5/2022 10:27,2/5/2022 11:44,0,181.234.52.41,100,4576,1,2/5/2022 11:44,R_2ZR2Hz8obnpCRM3,SI,RECIBIDA,no,si
2/4/2022 16:52,2/4/2022 18:09,0,190.84.117.101,100,4583,1,2/4/2022 18:09,R_1C2RTXU14EWAsGj,SI,RECIBIDA,no,si
2/4/2022 17:28,2/4/2022 18:45,0,191.88.13.1,100,4585,1,2/4/2022 18:45,R_3RmFEZRqJe4TbGK,SI,RECIBIDA,no,si
2/4/2022 16:30,2/4/2022 17:46,0,190.252.137.83,100,4604,1,2/4/2022 17:46,R_b2fAOMwGBvivxTj,SI,RECIBIDA,no,si
2/7/2022 11:33,2/7/2022 12:50,0,191.108.75.133,100,4610,1,2/7/2022 12:50,R_3hE1wXPRjACRsnA,SI,RECIBIDA,no,si
2/7/2022 12:26,2/7/2022 13:43,0,190.27.182.99,100,4616,1,2/7/2022 13:43,R_3iXCn13xTa0j3uN,SI,RECIBIDA,no,si
2/6/2022 7:44,2/6/2022 9:01,0,181.129.118.218,100,4617,1,2/6/2022 9:01,R_3qrs3RBap1SNzqg,SI,RECIBIDA,no,si
2/4/2022 17:59,2/4/2022 19:16,0,200.116.249.106,100,4632,1,2/4/2022 19:16,R_dikbW2pt65bQCml,SI,RECIBIDA,no,si
2/6/2022 7:29,2/6/2022 8:47,0,186.82.84.1,100,4647,1,2/6/2022 8:47,R_3exDGtGt6jGQb5V,SI,RECIBIDA,no,si
2/5/2022 14:51,2/5/2022 16:09,0,181.141.148.141,100,4656,1,2/5/2022 16:09,R_1JDwQLhskE8YPA7,SI,RECIBIDA,no,si
1/30/2022 7:19,1/30/2022 8:37,0,138.117.109.154,100,4666,1,1/30/2022 8:37,R_302D936et51pEtW,SI,RECIBIDA,no,si
2/6/2022 7:48,2/6/2022 9:06,0,191.156.224.202,100,4681,1,2/6/2022 9:06,R_OxH0SVKbPS8svQZ,SI,RECIBIDA,no,si
2/4/2022 18:27,2/4/2022 19:45,0,181.235.220.138,100,4686,1,2/4/2022 19:45,R_3hyGXd6n0RfkpBB,SI,RECIBIDA,no,si
2/6/2022 7:12,2/6/2022 8:31,0,191.102.222.107,100,4700,1,2/6/2022 8:31,R_3kHscbRqhLt7xhl,SI,RECIBIDA,no,si
2/4/2022 20:42,2/4/2022 22:01,0,181.54.123.156,100,4704,1,2/4/2022 22:01,R_ymx8TOwMBVnjMnD,SI,RECIBIDA,no,si
2/4/2022 19:13,2/4/2022 20:31,0,190.90.2.19,100,4715,1,2/4/2022 20:31,R_33ka0cdHms3fVhi,SI,RECIBIDA,no,si
2/6/2022 14:04,2/6/2022 15:23,0,191.156.131.55,100,4755,1,2/6/2022 15:23,R_1r9wrTdzfGnz1fs,SI,RECIBIDA,no,si
2/5/2022 6:18,2/5/2022 7:37,0,181.128.123.77,100,4756,1,2/5/2022 7:37,R_3isVepS2KgoRlHJ,SI,RECIBIDA,no,si
2/7/2022 13:52,2/7/2022 15:11,0,190.144.57.222,100,4757,1,2/7/2022 15:11,R_1hRop4gJl62G2L1,SI,RECIBIDA,no,si
2/4/2022 18:47,2/4/2022 20:07,0,186.102.5.84,100,4759,1,2/4/2022 20:07,R_1RF4gN7EjEubHmF,SI,RECIBIDA,no,si
2/4/2022 16:37,2/4/2022 17:56,0,191.95.132.191,100,4783,1,2/4/2022 17:56,R_2ZIV6SDJWiyykgX,SI,RECIBIDA,no,si
2/6/2022 9:34,2/6/2022 10:54,0,186.170.56.160,100,4786,1,2/6/2022 10:54,R_3dWDULJVFHYYScP,SI,RECIBIDA,no,si
1/28/2022 15:55,1/28/2022 17:15,0,186.84.89.51,100,4790,1,1/28/2022 17:15,R_2YazDd2xC50jbIz,SI,RECIBIDA,no,si
1/28/2022 16:31,1/28/2022 17:51,0,191.91.93.18,100,4794,1,1/28/2022 17:51,R_1mk2bCYMBn09yVU,SI,RECIBIDA,no,si
2/4/2022 16:16,2/4/2022 17:36,0,186.102.49.255,100,4798,1,2/4/2022 17:36,R_2aqUuVvT2cuIf3Z,SI,RECIBIDA,no,si
1/30/2022 11:45,1/30/2022 13:05,0,186.86.12.140,100,4805,1,1/30/2022 13:05,R_25kFRxRc6SEItFL,SI,RECIBIDA,no,si
2/4/2022 16:43,2/4/2022 18:03,0,186.155.15.3,100,4817,1,2/4/2022 18:03,R_3ktUhoGJRwt9q1I,SI,RECIBIDA,no,si
2/7/2022 13:11,2/7/2022 14:32,0,131.100.51.181,100,4820,1,2/7/2022 14:32,R_DIFxZDbW4zUkoaB,SI,RECIBIDA,no,si
2/4/2022 19:46,2/4/2022 21:06,0,181.61.206.10,100,4826,1,2/4/2022 21:06,R_1NysAT86T8IKLXt,SI,RECIBIDA,no,si
1/29/2022 17:40,1/29/2022 19:01,0,191.156.230.145,100,4842,1,1/29/2022 19:01,R_3phD4TalPcF55JW,SI,RECIBIDA,no,si
2/7/2022 12:22,2/7/2022 13:43,0,191.156.4.104,100,4844,1,2/7/2022 13:43,R_26lkqRqGOS7fwZA,SI,RECIBIDA,no,si
2/7/2022 11:00,2/7/2022 12:21,0,181.132.248.73,100,4851,1,2/7/2022 12:21,R_2uEA8dEtPKeuNVF,SI,RECIBIDA,no,si
2/4/2022 16:57,2/4/2022 18:18,0,200.29.125.169,100,4855,1,2/4/2022 18:18,R_1mWcpxz0QGQrI9J,SI,RECIBIDA,no,si
2/5/2022 12:52,2/5/2022 14:13,0,152.200.151.11,100,4871,1,2/5/2022 14:13,R_2D65VGIli9HDB98,SI,RECIBIDA,no,si
2/4/2022 16:16,2/4/2022 17:37,0,186.169.163.189,100,4872,1,2/4/2022 17:37,R_1kXH2Z3FiQwjCpo,SI,RECIBIDA,no,si
1/28/2022 16:08,1/28/2022 17:29,0,191.95.163.196,100,4876,1,1/28/2022 17:29,R_2CIKLGjPd0SpELj,SI,RECIBIDA,no,si
2/4/2022 16:17,2/4/2022 17:38,0,181.62.52.253,100,4882,1,2/4/2022 17:38,R_u7KqWEfKaWQhI3f,SI,RECIBIDA,no,si
2/4/2022 16:56,2/4/2022 18:18,0,190.146.149.110,100,4883,1,2/4/2022 18:18,R_TdQrdbQ9ZawOPYJ,SI,RECIBIDA,no,si
2/4/2022 16:21,2/4/2022 17:42,0,186.154.237.158,100,4909,1,2/4/2022 17:42,R_71YYcYqxBqZ6YP7,SI,RECIBIDA,no,si
2/7/2022 9:09,2/7/2022 10:31,0,186.30.15.108,100,4923,1,2/7/2022 10:31,R_2zwlHnz1OpMMX6N,SI,RECIBIDA,no,si
2/5/2022 7:26,2/5/2022 8:48,0,190.255.209.121,100,4932,1,2/5/2022 8:48,R_1CeG8bkVoKyipzl,SI,RECIBIDA,no,si
2/6/2022 11:36,2/6/2022 12:59,0,181.61.18.232,100,4937,1,2/6/2022 12:59,R_2D5iCvUasLRviSc,SI,RECIBIDA,no,si
2/4/2022 19:04,2/4/2022 20:26,0,190.158.204.28,100,4940,1,2/4/2022 20:26,R_2WVg8GUA7Ze4aDA,SI,RECIBIDA,no,si
2/5/2022 17:50,2/5/2022 19:13,0,181.58.39.179,100,4962,1,2/5/2022 19:13,R_9EUwxd7NHDg3agx,SI,RECIBIDA,no,si
1/28/2022 15:53,1/28/2022 17:16,0,186.1.190.41,100,4980,1,1/28/2022 17:16,R_3erI0etdcMdfCGI,SI,RECIBIDA,no,si
2/4/2022 16:38,2/4/2022 18:01,0,179.19.74.45,100,4998,1,2/4/2022 18:01,R_3kFzbzw79OBP3xy,SI,RECIBIDA,no,si
2/4/2022 16:55,2/4/2022 18:19,0,191.158.193.47,100,4999,1,2/4/2022 18:19,R_3Rkhwy58iaMjnp0,SI,RECIBIDA,no,si
1/29/2022 11:26,1/29/2022 12:50,0,186.86.34.47,100,5021,1,1/29/2022 12:50,R_269KyGZjDcWVezH,SI,RECIBIDA,no,si
2/4/2022 18:25,2/4/2022 19:49,0,186.169.246.96,100,5024,1,2/4/2022 19:49,R_1qWXMvR9gSOZfHW,SI,RECIBIDA,no,si
2/5/2022 20:45,2/5/2022 22:09,0,186.1.190.20,100,5045,1,2/5/2022 22:09,R_cOB36mZe9hnkfGp,SI,RECIBIDA,no,si
1/29/2022 6:25,1/29/2022 7:49,0,181.136.76.65,100,5047,1,1/29/2022 7:49,R_2CIHoDsv9ox6hIa,SI,RECIBIDA,no,si
2/6/2022 8:55,2/6/2022 10:19,0,186.82.84.219,100,5049,1,2/6/2022 10:19,R_1HoQzrmvYr4pJKS,SI,RECIBIDA,no,si
2/6/2022 19:04,2/6/2022 20:29,0,181.57.24.25,100,5049,1,2/6/2022 20:29,R_3HTVeiKnimXUpVj,SI,RECIBIDA,no,si
2/6/2022 11:59,2/6/2022 13:24,0,161.10.126.146,100,5059,1,2/6/2022 13:24,R_1gCRHrAsjlxLnm5,SI,RECIBIDA,no,si
2/4/2022 19:01,2/4/2022 20:25,0,181.61.129.143,100,5061,1,2/4/2022 20:25,R_SJ2QhVHjVAN5r7H,SI,RECIBIDA,no,si
1/28/2022 19:12,1/28/2022 20:36,0,181.54.122.0,100,5067,1,1/28/2022 20:36,R_eWnnqZi06SV9fOh,SI,RECIBIDA,no,si
1/28/2022 19:45,1/28/2022 21:10,0,181.142.159.19,100,5092,1,1/28/2022 21:10,R_3rYgumY8IveaGze,SI,RECIBIDA,no,si
2/5/2022 11:12,2/5/2022 12:37,0,181.235.23.71,100,5093,1,2/5/2022 12:37,R_1r6xcOlXGOepvye,SI,RECIBIDA,no,si
2/4/2022 16:56,2/4/2022 18:21,0,181.129.248.142,100,5112,1,2/4/2022 18:21,R_2afBgCjV0tiPh3M,SI,RECIBIDA,no,si
1/31/2022 7:09,1/31/2022 8:34,0,190.249.231.54,100,5126,1,1/31/2022 8:34,R_2Xgpxbv6gZTdwoo,SI,RECIBIDA,no,si
2/5/2022 9:40,2/5/2022 11:06,0,190.70.163.128,100,5135,1,2/5/2022 11:06,R_9v6YFILrj4dV9ex,SI,RECIBIDA,no,si
2/4/2022 18:27,2/4/2022 19:53,0,191.156.33.112,100,5144,1,2/4/2022 19:53,R_1lsheyfccvJs5p1,SI,RECIBIDA,no,si
2/5/2022 8:29,2/5/2022 9:55,0,181.146.210.57,100,5173,1,2/5/2022 9:55,R_2cw5loCTsBCoaGt,SI,RECIBIDA,no,si
2/4/2022 18:47,2/4/2022 20:13,0,186.144.69.49,100,5184,1,2/4/2022 20:13,R_3rPBkCBgE1bYz1Z,SI,RECIBIDA,no,si
2/4/2022 16:31,2/4/2022 17:57,0,191.159.159.64,100,5186,1,2/4/2022 17:57,R_1QLWSkIslHG02pF,SI,RECIBIDA,no,si
2/2/2022 23:31,2/3/2022 0:58,0,179.14.183.189,100,5201,1,2/3/2022 0:58,R_1E0ZwmmmcpiKVMD,SI,RECIBIDA,no,si
2/4/2022 8:43,2/4/2022 10:10,0,191.156.47.28,84,5208,0,2/7/2022 15:31,R_1Hk1aRPPeFPduDB,SI,RECIBIDA,no,si
1/28/2022 16:05,1/28/2022 17:32,0,186.154.125.100,100,5228,1,1/28/2022 17:32,R_yZKdANKDe7TjwJj,SI,RECIBIDA,no,si
2/4/2022 18:18,2/4/2022 19:45,0,191.95.165.23,100,5233,1,2/4/2022 19:45,R_2ruXL8caJiX2bcR,SI,RECIBIDA,no,si
2/4/2022 16:20,2/4/2022 17:47,0,186.116.192.90,100,5242,1,2/4/2022 17:47,R_5psCr4n20kO9PKF,SI,RECIBIDA,no,si
2/6/2022 18:45,2/6/2022 20:12,0,190.13.84.66,100,5242,1,2/6/2022 20:12,R_2bNs0HgrqfNcFLr,SI,RECIBIDA,no,si
1/28/2022 18:43,1/28/2022 20:10,0,190.70.49.254,100,5259,1,1/28/2022 20:10,R_2R33efO2QmvNVXr,SI,RECIBIDA,no,si
2/4/2022 19:19,2/4/2022 20:47,0,190.130.83.202,100,5260,1,2/4/2022 20:47,R_3lR2QFsZ2pEXNV0,SI,RECIBIDA,no,si
2/4/2022 16:34,2/4/2022 18:02,0,8.242.143.3,100,5261,1,2/4/2022 18:02,R_1i3zsgzNWtPNlds,SI,RECIBIDA,no,si
1/28/2022 15:54,1/28/2022 17:21,0,191.88.79.122,100,5272,1,1/28/2022 17:21,R_3EgKegGibXSzOPD,SI,RECIBIDA,no,si
2/5/2022 12:11,2/5/2022 13:39,0,181.159.207.115,100,5275,1,2/5/2022 13:39,R_31z2cTebSltKOAk,SI,RECIBIDA,no,si
2/4/2022 17:06,2/4/2022 18:34,0,186.84.88.113,100,5305,1,2/4/2022 18:34,R_26t08VS8fEFCfcJ,SI,RECIBIDA,no,si
2/4/2022 18:14,2/4/2022 19:43,0,191.111.25.46,100,5311,1,2/4/2022 19:43,R_esxs4DhyOjJRThL,SI,RECIBIDA,no,si
2/4/2022 16:42,2/4/2022 18:11,0,190.90.3.99,100,5321,1,2/4/2022 18:11,R_3gSlhSdh6cg8kR7,SI,RECIBIDA,no,si
2/4/2022 17:32,2/4/2022 19:01,0,186.168.118.184,100,5335,1,2/4/2022 19:01,R_1ds06dJ0iWbzWWt,SI,RECIBIDA,no,si
2/7/2022 13:55,2/7/2022 15:24,0,190.69.239.126,85,5349,0,2/7/2022 15:32,R_2fjG6uXpwHU1nMa,SI,RECIBIDA,no,si
2/6/2022 7:13,2/6/2022 8:43,0,200.118.62.175,100,5376,1,2/6/2022 8:43,R_1BXx4ozQL160kgj,SI,RECIBIDA,no,si
2/4/2022 16:29,2/4/2022 17:59,0,190.128.43.172,100,5387,1,2/4/2022 17:59,R_1gd00Z3AsrgWEPT,SI,RECIBIDA,no,si
2/7/2022 10:39,2/7/2022 12:09,0,181.55.156.147,100,5393,1,2/7/2022 12:09,R_1rJJ1x5UL627niv,SI,RECIBIDA,no,si
2/5/2022 8:51,2/5/2022 10:21,0,190.248.199.166,100,5398,1,2/5/2022 10:21,R_PUuIfI2beRNRaXT,SI,RECIBIDA,no,si
2/5/2022 16:40,2/5/2022 18:10,0,186.31.103.220,100,5408,1,2/5/2022 18:10,R_2BlhV6tlAsHK1bQ,SI,RECIBIDA,no,si
2/4/2022 20:56,2/4/2022 22:27,0,186.0.75.66,100,5415,1,2/4/2022 22:27,R_3OqswzHcFIg0Q5a,SI,RECIBIDA,no,si
2/6/2022 8:54,2/6/2022 10:24,0,186.84.21.202,100,5421,1,2/6/2022 10:24,R_VIoygRoPjoF73MJ,SI,RECIBIDA,no,si
2/5/2022 7:35,2/5/2022 9:05,0,186.98.33.88,100,5425,1,2/5/2022 9:05,R_2aLbcJcIl19SyWY,SI,RECIBIDA,no,si
2/6/2022 13:21,2/6/2022 14:52,0,186.155.15.144,85,5450,0,2/7/2022 15:32,R_32WmFdK1o8MkB0X,SI,RECIBIDA,no,si
2/4/2022 17:02,2/4/2022 18:33,0,181.78.7.180,100,5460,1,2/4/2022 18:33,R_3ElDprmfMfIIg23,SI,RECIBIDA,no,si
2/7/2022 10:34,2/7/2022 12:05,0,190.14.254.71,100,5461,1,2/7/2022 12:05,R_1ri7JMa6hB5jcBw,SI,RECIBIDA,no,si
2/6/2022 8:49,2/6/2022 10:21,0,191.156.4.36,100,5467,1,2/6/2022 10:21,R_1JCtiJ5avbGB8FI,SI,RECIBIDA,no,si
2/4/2022 19:26,2/4/2022 20:57,0,181.235.72.76,100,5474,1,2/4/2022 20:57,R_3gU8fDWShyAVeNx,SI,RECIBIDA,no,si
2/4/2022 17:44,2/4/2022 19:15,0,45.173.6.228,100,5488,1,2/4/2022 19:15,R_Ags4uM9GuI7t3k5,SI,RECIBIDA,no,si
2/7/2022 5:23,2/7/2022 6:55,0,190.60.228.94,100,5488,1,2/7/2022 6:55,R_10YNf77MNohmevQ,SI,RECIBIDA,no,si
2/5/2022 6:33,2/5/2022 8:04,0,181.141.203.20,100,5491,1,2/5/2022 8:04,R_OOUrtPTD54HF4fn,SI,RECIBIDA,no,si
2/5/2022 8:53,2/5/2022 10:26,0,181.51.34.3,100,5534,1,2/5/2022 10:26,R_YYr4EW62MeNVLln,SI,RECIBIDA,no,si
2/4/2022 16:29,2/4/2022 18:02,0,186.155.67.183,100,5536,1,2/4/2022 18:02,R_3P5lvirWNeFKD87,SI,RECIBIDA,no,si
1/31/2022 7:57,1/31/2022 9:30,0,181.57.149.34,100,5568,1,1/31/2022 9:30,R_1NmnqjqBJAKhw9T,SI,RECIBIDA,no,si
2/5/2022 17:43,2/5/2022 19:16,0,147.75.125.17,85,5572,0,2/7/2022 15:32,R_1IT0RhPThHTksAB,SI,RECIBIDA,no,si
2/3/2022 7:32,2/3/2022 9:07,0,186.29.255.247,100,5648,1,2/3/2022 9:07,R_NWTBfVQPEFIqRSV,SI,RECIBIDA,no,si
2/4/2022 19:19,2/4/2022 20:53,0,186.84.22.50,100,5659,1,2/4/2022 20:53,R_21FmMzvm8Kbarhy,SI,RECIBIDA,no,si
2/5/2022 17:44,2/5/2022 19:18,0,186.84.91.79,100,5662,1,2/5/2022 19:18,R_3smq4EM8CbSxoMd,SI,RECIBIDA,no,si
2/7/2022 8:14,2/7/2022 9:49,0,181.204.68.226,100,5663,1,2/7/2022 9:49,R_3HMrw7wyL8K5PHX,SI,RECIBIDA,no,si
1/30/2022 12:20,1/30/2022 13:55,0,191.95.32.242,100,5667,1,1/30/2022 13:55,R_3OjHq4C6AxebKvl,SI,RECIBIDA,no,si
2/4/2022 16:20,2/4/2022 17:55,0,186.29.224.75,100,5691,1,2/4/2022 17:55,R_2aFsXvo0P0JUFjJ,SI,RECIBIDA,no,si
2/4/2022 18:39,2/4/2022 20:14,0,201.221.173.26,100,5703,1,2/4/2022 20:14,R_1nYKpSA7daPxPsw,SI,RECIBIDA,no,si
1/30/2022 17:20,1/30/2022 18:55,0,186.29.150.64,100,5722,1,1/30/2022 18:55,R_UN2QCK3MtTqX0Gt,SI,RECIBIDA,no,si
2/6/2022 8:42,2/6/2022 10:18,0,172.72.200.7,100,5725,1,2/6/2022 10:18,R_1mKny0RcZfas4zl,SI,RECIBIDA,no,si
2/5/2022 11:17,2/5/2022 12:53,0,191.102.196.140,100,5743,1,2/5/2022 12:53,R_XCeJRd43ophrWc9,SI,RECIBIDA,no,si
1/29/2022 9:44,1/29/2022 11:20,0,181.63.1.163,100,5759,1,1/29/2022 11:20,R_2D7XVK8hwmEKaUe,SI,RECIBIDA,no,si
2/4/2022 18:10,2/4/2022 19:46,0,181.139.217.195,100,5791,1,2/4/2022 19:46,R_2THSe4yeHZmFzqP,SI,RECIBIDA,no,si
2/6/2022 13:31,2/6/2022 15:08,0,200.118.60.243,100,5812,1,2/6/2022 15:08,R_3ltfpauNTRV9XK1,SI,RECIBIDA,no,si
2/5/2022 7:28,2/5/2022 9:05,0,45.167.124.170,100,5824,1,2/5/2022 9:05,R_QgfgyD93ncEC7OF,SI,RECIBIDA,no,si
2/4/2022 20:21,2/4/2022 21:58,0,186.113.52.197,100,5852,1,2/4/2022 21:58,R_2UhJx3onGfkJXpo,SI,RECIBIDA,no,si
2/6/2022 8:58,2/6/2022 10:35,0,152.200.3.226,100,5866,1,2/6/2022 10:35,R_2aOEE0ojj4FYLs5,SI,RECIBIDA,no,si
2/4/2022 16:39,2/4/2022 18:17,0,186.169.231.15,100,5880,1,2/4/2022 18:17,R_A7ohlxc8KDqZnEd,SI,RECIBIDA,no,si
2/7/2022 7:11,2/7/2022 8:49,0,190.145.45.78,100,5896,1,2/7/2022 8:49,R_1hYVdKUUI2l8zpI,SI,RECIBIDA,no,si
2/4/2022 16:29,2/4/2022 18:08,0,190.147.69.127,100,5934,1,2/4/2022 18:08,R_1rIERZWC2tCcVKG,SI,RECIBIDA,no,si
2/6/2022 8:12,2/6/2022 9:51,0,186.169.159.55,100,5937,1,2/6/2022 9:51,R_RFwc1TiPPcPHtqp,SI,RECIBIDA,no,si
2/4/2022 16:30,2/4/2022 18:09,0,191.106.174.207,100,5943,1,2/4/2022 18:09,R_8c72dV8sCEUHhLz,SI,RECIBIDA,no,si
2/4/2022 16:45,2/4/2022 18:24,0,190.158.72.46,100,5947,1,2/4/2022 18:24,R_2t2J6zkA6lphX8c,SI,RECIBIDA,no,si
2/5/2022 12:36,2/5/2022 14:15,0,181.131.70.255,100,5949,1,2/5/2022 14:15,R_spTYLysXeNd5j6F,SI,RECIBIDA,no,si
2/7/2022 4:47,2/7/2022 6:27,0,181.49.203.242,100,5962,1,2/7/2022 6:27,R_2VeGVaVg05GQjJS,SI,RECIBIDA,no,si
2/4/2022 16:42,2/4/2022 18:22,0,177.254.75.159,100,5996,1,2/4/2022 18:22,R_4Jv8vV6EA14z8lP,SI,RECIBIDA,no,si
2/5/2022 13:14,2/5/2022 14:54,0,191.156.18.21,100,6014,1,2/5/2022 14:54,R_31EiBpoLMeWVSuA,SI,RECIBIDA,no,si
2/4/2022 20:16,2/4/2022 21:57,0,190.69.43.32,100,6048,1,2/4/2022 21:57,R_10SoFgefdjwXgJG,SI,RECIBIDA,no,si
2/6/2022 10:01,2/6/2022 11:42,0,186.82.86.202,100,6053,1,2/6/2022 11:42,R_3F34pfjeH57jZgR,SI,RECIBIDA,no,si
1/31/2022 17:12,1/31/2022 18:54,0,181.235.16.167,100,6095,1,1/31/2022 18:54,R_31v0gslWFhDjvCw,SI,RECIBIDA,no,si
2/4/2022 16:16,2/4/2022 17:58,0,186.83.184.198,100,6137,1,2/4/2022 17:58,R_qJzX3yC5thlmkIV,SI,RECIBIDA,no,si
2/4/2022 18:31,2/4/2022 20:14,0,181.128.77.125,100,6193,1,2/4/2022 20:14,R_265TdzoOvBCV013,SI,RECIBIDA,no,si
2/4/2022 19:15,2/4/2022 20:58,0,190.90.224.242,100,6204,1,2/4/2022 20:58,R_wYNOjOiLiQ6JKlH,SI,RECIBIDA,no,si
2/6/2022 7:20,2/6/2022 9:03,0,181.139.162.58,100,6204,1,2/6/2022 9:03,R_eaCxG03aBB94WPv,SI,RECIBIDA,no,si
2/7/2022 11:17,2/7/2022 13:01,0,181.132.70.152,100,6228,1,2/7/2022 13:01,R_2aPGAmge3s122re,SI,RECIBIDA,no,si
2/5/2022 6:14,2/5/2022 7:58,0,190.128.82.48,100,6238,1,2/5/2022 7:58,R_vcyQ57nlU9ffSIp,SI,RECIBIDA,no,si
2/4/2022 16:25,2/4/2022 18:09,0,186.169.199.183,100,6252,1,2/4/2022 18:09,R_RD2usTAZbiuMdIR,SI,RECIBIDA,no,si
1/29/2022 14:19,1/29/2022 16:04,0,186.86.52.32,100,6276,1,1/29/2022 16:04,R_3P5n2u9S1tgi0iW,SI,RECIBIDA,no,si
2/4/2022 17:14,2/4/2022 18:59,0,186.80.52.60,100,6288,1,2/4/2022 18:59,R_1dnu9F98crY8apU,SI,RECIBIDA,no,si
2/4/2022 16:17,2/4/2022 18:02,0,191.106.135.9,100,6304,1,2/4/2022 18:02,R_0JxJssjzZ9iY4Lv,SI,RECIBIDA,no,si
2/4/2022 16:53,2/4/2022 18:38,0,191.88.37.45,100,6329,1,2/4/2022 18:38,R_dbvaWrqDx2YUOSl,SI,RECIBIDA,no,si
2/5/2022 6:30,2/5/2022 8:16,0,190.240.226.102,100,6354,1,2/5/2022 8:16,R_2wLTrN8AYEshQmx,SI,RECIBIDA,no,si
2/4/2022 19:50,2/4/2022 21:36,0,190.61.44.34,100,6357,1,2/4/2022 21:36,R_1FrK8BRExynnaTG,SI,RECIBIDA,no,si
2/7/2022 13:18,2/7/2022 15:04,0,204.199.91.13,100,6369,1,2/7/2022 15:04,R_Wwzztjfn25XJLW1,SI,RECIBIDA,no,si
2/6/2022 7:31,2/6/2022 9:17,0,191.95.33.207,100,6373,1,2/6/2022 9:17,R_wYGKN1PGEoHhT1L,SI,RECIBIDA,no,si
2/4/2022 17:48,2/4/2022 19:34,0,181.51.92.231,100,6374,1,2/4/2022 19:34,R_ac0iIPZoBTfDW5X,SI,RECIBIDA,no,si
2/4/2022 16:32,2/4/2022 18:19,0,186.144.152.9,100,6418,1,2/4/2022 18:19,R_wY4GDs52IiSebeN,SI,RECIBIDA,no,si
2/6/2022 9:08,2/6/2022 10:55,0,186.83.184.62,100,6428,1,2/6/2022 10:56,R_31B0euf1JewiHKs,SI,RECIBIDA,no,si
2/5/2022 8:54,2/5/2022 10:41,0,191.156.0.166,100,6438,1,2/5/2022 10:41,R_1jIeVSqcu8pOzYa,SI,RECIBIDA,no,si
2/4/2022 17:20,2/4/2022 19:08,0,186.81.100.228,100,6499,1,2/4/2022 19:08,R_2ZQVo0satRt4AIT,SI,RECIBIDA,no,si
2/6/2022 15:46,2/6/2022 17:34,0,181.206.34.27,100,6503,1,2/6/2022 17:34,R_2ykmdnQ8EScBWVg,SI,RECIBIDA,no,si
2/4/2022 19:24,2/4/2022 21:13,0,190.1.221.224,100,6514,1,2/4/2022 21:13,R_RFgvf7giLBYRMit,SI,RECIBIDA,no,si
1/28/2022 18:08,1/28/2022 19:57,0,190.252.44.52,100,6518,1,1/28/2022 19:57,R_3n6qFBUlJJ4tzBN,SI,RECIBIDA,no,si
2/6/2022 7:12,2/6/2022 9:01,0,186.170.67.79,100,6519,1,2/6/2022 9:01,R_7WKUksB5OxHkZTX,SI,RECIBIDA,no,si
2/6/2022 20:32,2/6/2022 22:21,0,186.80.128.240,100,6522,1,2/6/2022 22:21,R_1EdsXmKEVzFL7G3,SI,RECIBIDA,no,si
2/6/2022 16:15,2/6/2022 18:04,0,181.71.51.245,100,6534,1,2/6/2022 18:04,R_yZIqXNzKfJiS9UJ,SI,RECIBIDA,no,si
2/4/2022 19:48,2/4/2022 21:37,0,191.89.252.16,100,6550,1,2/4/2022 21:37,R_3Oj4dj4kRkMvd1G,SI,RECIBIDA,no,si
1/28/2022 18:51,1/28/2022 20:41,0,200.25.6.74,100,6576,1,1/28/2022 20:41,R_2SrduqiZiiOMiDW,SI,RECIBIDA,no,si
2/6/2022 7:44,2/6/2022 9:34,0,181.51.34.146,100,6612,1,2/6/2022 9:34,R_2i3eqnaT3ZVP7QB,SI,RECIBIDA,no,si
2/4/2022 16:23,2/4/2022 18:15,0,181.33.75.115,100,6673,1,2/4/2022 18:15,R_1rGogjYvJtngQCL,SI,RECIBIDA,no,si
1/29/2022 14:40,1/29/2022 16:31,0,181.140.178.106,100,6680,1,1/29/2022 16:31,R_rqzHx9YsI754OT7,SI,RECIBIDA,no,si
1/29/2022 6:14,1/29/2022 8:06,0,190.27.92.243,100,6722,1,1/29/2022 8:06,R_3MmrArAXHu47g1s,SI,RECIBIDA,no,si
2/7/2022 6:51,2/7/2022 8:44,0,191.95.29.18,100,6761,1,2/7/2022 8:44,R_22LGkCGpfwC0P6O,SI,RECIBIDA,no,si
2/4/2022 16:20,2/4/2022 18:14,0,190.249.54.225,100,6820,1,2/4/2022 18:14,R_rl1fF535G1OrAUF,SI,RECIBIDA,no,si
2/4/2022 17:22,2/4/2022 19:16,0,181.55.171.78,100,6837,1,2/4/2022 19:16,R_3HOm4LmFtXu285V,SI,RECIBIDA,no,si
2/4/2022 17:05,2/4/2022 18:59,0,152.200.119.63,100,6843,1,2/4/2022 18:59,R_3PdvuIQzi2pPHQe,SI,RECIBIDA,no,si
2/6/2022 12:13,2/6/2022 14:08,0,186.86.32.216,100,6845,1,2/6/2022 14:08,R_1CEgf2Hu6Xhc4sw,SI,RECIBIDA,no,si
2/6/2022 9:09,2/6/2022 11:04,0,191.95.148.237,100,6881,1,2/6/2022 11:04,R_daPHE2avgo18MXn,SI,RECIBIDA,no,si
2/5/2022 13:30,2/5/2022 15:26,0,200.31.19.226,100,6944,1,2/5/2022 15:26,R_1jeyRSymXwzQxMh,SI,RECIBIDA,no,si
2/6/2022 7:24,2/6/2022 9:20,0,186.84.89.67,100,6958,1,2/6/2022 9:20,R_2YP0kcwc4rgoVUN,SI,RECIBIDA,no,si
1/31/2022 17:38,1/31/2022 19:35,0,186.84.22.99,100,7003,1,1/31/2022 19:35,R_2PpYn9Fy5aqfcN5,SI,RECIBIDA,no,si
2/4/2022 18:46,2/4/2022 20:45,0,181.58.39.127,100,7115,1,2/4/2022 20:45,R_e3AcxrbPhknVPQB,SI,RECIBIDA,no,si
2/4/2022 16:34,2/4/2022 18:33,0,181.128.20.228,100,7153,1,2/4/2022 18:33,R_1hXqQ7TgGJgWLbw,SI,RECIBIDA,no,si
