ResponseId,ticket,Durationinseconds,Progress
R_qBYEl3NhxyQt5v3,32q7l17pnrosop8v_861b49d1857524a8_cc430c747a15dd31_ff530ebc9c24918abe0fe8412d685624,3524,100
R_1r0OYzbCploPARI,0d3c897bffb4c713_861b49d1857524a8_cc430c747a15dd31_7ea4cb0cdde80fde5b9c92a0c3cc212d,2371,100
R_O44PjntCE1bUQjT,dd3cc22454d8a898_861b49d1857524a8_cc430c747a15dd31_c1faddf11c6f9edb4c11e7fcd36a0ca8,2845,100
R_1QoUjM4ydCNbjLA,7a16d5ab754cf25a_861b49d1857524a8_cc430c747a15dd31_a74db0691946cbff2234fd60e3e19ea3,2591,100
R_1o1kjIVO1BDdK0l,2126250b67520ad5_861b49d1857524a8_cc430c747a15dd31_95f7d9e1791ec9715228ad1a997c0fba,3268,100
R_3kuZIHGTNwBe6uL,39a91d09719f1424_861b49d1857524a8_cc430c747a15dd31_307ad6be2d841add59944987224f3cbb,3553,100
R_8vxO3DuravRBtzX,205d33d29d9019b0_861b49d1857524a8_cc430c747a15dd31_eda0177e5e1572de38c14e8cb492aaad,3237,100
R_1q7B4SBvIHWV1Fn,3a66314224d89d39_861b49d1857524a8_cc430c747a15dd31_0a34a97d0251264a456c4787ab7fc118,3581,100
R_6JTLmUcvpkfzSal,d9fb625cdd2a5b3b_861b49d1857524a8_cc430c747a15dd31_9e0df21961d03b189f29d2d137016567,3807,100
R_yKkzA3uDRi6AAtr,22c56237b82d7b34_861b49d1857524a8_cc430c747a15dd31_9886867ad5694587b16a102f34235798,4041,100
R_2SxJ5RQVa0ZJGzk,79c5bba9a821c984_861b49d1857524a8_cc430c747a15dd31_cc4e6213059caacd5d6c0f278ab9ffdd,4159,100
R_3KvTsuqcAufpY0c,b2a7fd3a6903a769_861b49d1857524a8_cc430c747a15dd31_ab8bba7a177275fd23ec931878e93750,4390,100
R_0ihGKSU6fgKVTnH,32f19828cf59bd6a_861b49d1857524a8_cc430c747a15dd31_3ceff89f3a7bafa0853ccda5dbecba48,3018,100
R_2VL3GcVCVxM4geb,811d777f23145b06_861b49d1857524a8_cc430c747a15dd31_b4d99c27ddefd97ebee0676cf2eb195c,4290,100
R_2YazDd2xC50jbIz,823d733af8ac2660_861b49d1857524a8_cc430c747a15dd31_e5a8135f56361990b026355588f99b7d,4790,100
R_3erI0etdcMdfCGI,d3f7f88d7f16a94c_861b49d1857524a8_cc430c747a15dd31_75a0a3e89c72756aace215b9e78ba1bc,4980,100
R_2fkwIBpDWxLj9rI,fb02d29b2cd366ff_861b49d1857524a8_cc430c747a15dd31_6d1591bb44f0d1d4a7123fc60dc3df6b,3882,100
R_2R87o0oRiH5Jl0K,36ac22b8a5146aff_861b49d1857524a8_cc430c747a15dd31_fe87e8c5886c3a0975d500b283889ba0,4244,100
R_Dvj5izuFAgQhmg1,b524dd2ff30b8c94_861b49d1857524a8_cc430c747a15dd31_c1564b8fb6e1de34b57c10b14765e3ed,4087,100
R_1GwqYVJa0GlKmcp,496df1219d857455_861b49d1857524a8_cc430c747a15dd31_d121b6fb7e347afc225ff4112b9a1a99,3211,100
R_3EgKegGibXSzOPD,672b2c659258b9b4_861b49d1857524a8_cc430c747a15dd31_a5c5a578a0c4278547566907505c2b26,5272,100
R_UftxQL1jyjvZuCt,8326841cdbf16498_861b49d1857524a8_cc430c747a15dd31_7b40b89417675d9ac40ea6dcc53a9511,3699,100
R_2CIKLGjPd0SpELj,c505557337fb257a_861b49d1857524a8_cc430c747a15dd31_0193f5c29a83613f930bbd7c5c7cc7c2,4876,100
R_DIUloeVd7XhAud3,8183df4f240c5fdb_861b49d1857524a8_cc430c747a15dd31_af80a034124126a36a62fa6db52e31ae,2658,100
R_1eK4DNzqkgJNBUh,07fa8d254f02520c_861b49d1857524a8_cc430c747a15dd31_51ef76b11a1b15c83b326f9f6b7d0549,3474,100
R_yZKdANKDe7TjwJj,079dc00c9bcacaf6_861b49d1857524a8_cc430c747a15dd31_31cb1a5ffb8301822df539dafa79da56,5228,100
R_zcLNUCKmd8pGY8h,1cb8adbf602b9d10_861b49d1857524a8_cc430c747a15dd31_f0cd63c6dbcea6cc5ede3b7b26e310e6,3198,100
R_qL2VDAvmCbm7Avn,109758635a07a43c_861b49d1857524a8_cc430c747a15dd31_9c9ba00919ab1108e2e5450560155679,4067,100
R_3safOCr1ie2jjq4,f14abccc1aafbad7_861b49d1857524a8_cc430c747a15dd31_07caac49777c0e8f28e07b2fdfaf44ff,2378,100
R_1F98I3ujFmzJcUL,c2dc77a4b85a17c4_861b49d1857524a8_cc430c747a15dd31_4c5426d252bbcbdc83b18fc49c7308e4,4370,100
R_27C2iBqyhTjPzm0,b6dc849d7c135b69_861b49d1857524a8_cc430c747a15dd31_3da7e8c68736d09106b90339317f39d2,4011,100
R_1mk2bCYMBn09yVU,518b8902b2411ca2_861b49d1857524a8_cc430c747a15dd31_00e383517556086eb8a6dc49be5582a7,4794,100
R_3sh1REEXrrDYzkc,47704a5b022f6b15_861b49d1857524a8_cc430c747a15dd31_961aebad4030fbfe712f2d63bd403409,7806,100
R_1K3eHlMRZuYevWx,bfffddcd5c6443c1_861b49d1857524a8_cc430c747a15dd31_6d7d46a0031380c991d5936010401fe6,3881,100
R_2cvF59PJzMbtzWU,ba2d76f596aadcab_861b49d1857524a8_cc430c747a15dd31_4a02e307c8b8c19908a5d750a41ceb82,3613,100
R_26euWoOsF2LjFRn,aa51dd4f1f306107_861b49d1857524a8_cc430c747a15dd31_2050f28ef24a2e13ff835025011c4053,2227,100
R_3n6qFBUlJJ4tzBN,2b8661c0d7d9dbcb_861b49d1857524a8_cc430c747a15dd31_320451f526c67496ab648efa4cb842d5,6518,100
R_2R33efO2QmvNVXr,b149b54449181968_861b49d1857524a8_cc430c747a15dd31_d252bf252b21871ae95616e168ed639e,5259,100
R_eWnnqZi06SV9fOh,80496c8482687044_861b49d1857524a8_cc430c747a15dd31_18b4671c881d5dafa840e8d80f68b01d,5067,100
R_2SrduqiZiiOMiDW,5f7796036f31df0f_861b49d1857524a8_cc430c747a15dd31_7d6f1a43b31fd81a249d947d72f40dc3,6576,100
R_3rYgumY8IveaGze,d0346a37bf9ca391_861b49d1857524a8_cc430c747a15dd31_f52b182f49d376c2c43d5c3ec6cede1e,5092,100
R_2bTvLSKYer7Iorh,b64bda60349f4536_861b49d1857524a8_cc430c747a15dd31_7c3bed402fde8b381faf834ac0972558,4207,100
R_3Ez1lC5jcscJfbC,5b00d87f2d01aba1_861b49d1857524a8_cc430c747a15dd31_4acf36f7718dc41e6ecb1d18e2bffd69,4369,100
R_30nIjIgACSLJeyZ,a4776760dab0f3a6_861b49d1857524a8_cc430c747a15dd31_acecf16b7de3542fc9f356e2a79fa32f,3736,100
R_3M9fGN2HPnb4Dup,411a805f4aa99137_861b49d1857524a8_cc430c747a15dd31_7061cc1525c61e1ba633ad639cedcb92,2747,100
R_pxFl2jdy64ojIAx,22d2170c6c4d92c3_861b49d1857524a8_cc430c747a15dd31_633bd8de6f3266e87548a4490b01a6d0,3623,100
R_rfDYIwjy0qWq2Ax,f040c3a55dd711d0_861b49d1857524a8_cc430c747a15dd31_1f27298aea02b7da022382dc4afe0ed3,4013,100
R_sNoJBoPCxldh321,bc57587d0aa8061d_861b49d1857524a8_cc430c747a15dd31_00d02c15e94b78e74ae0229a63ac4c3e,3592,100
R_a8LAaUlhV3OmQZb,5528047c460f2009_861b49d1857524a8_cc430c747a15dd31_44471565044c8b7026494c4eb72773ae,3572,100
R_2PhTUyAw6OLpFl0,0ad21bd902910416_861b49d1857524a8_cc430c747a15dd31_e2209bd0349d26869f20d78ec28e9580,3079,100
R_1n16MsBQcx49Kkl,d039da548a260caf_861b49d1857524a8_cc430c747a15dd31_f3b78f8baa712c0b35aba638df471848,44782,100
R_2CIHoDsv9ox6hIa,82119925094359ca_861b49d1857524a8_cc430c747a15dd31_1cb9f96dc9df75765c8e051862877568,5047,100
R_3MmrArAXHu47g1s,49003f518d7d08b4_861b49d1857524a8_cc430c747a15dd31_4bdbe9f16e55fb6c491f5f00248b0dcb,6722,100
R_1gbfuP1PZLsrJPH,a582300b7f9447d1_861b49d1857524a8_cc430c747a15dd31_999f129684535beac1b31274577212ce,3985,100
R_wY5P5VA1zf50hqN,7da96dc43c019882_861b49d1857524a8_cc430c747a15dd31_9843fb3cab48e3f0eb4b5bd8209bd585,3235,100
R_11aOuIdYOQqthnW,f8386c1d464d28ca_861b49d1857524a8_cc430c747a15dd31_cd5d1dce8e1f7e4dc57bf3a885d80528,7270,100
R_1FKRgXBsx62CIZY,fb55df4a932139ba_861b49d1857524a8_cc430c747a15dd31_654fd4e7aad32e6e4f2bfd363ba7eb91,10531,100
R_br9JMszNVThAZzP,5773b07af97655b7_861b49d1857524a8_cc430c747a15dd31_ba20b6139ad5f99c987d4541c058f02c,10508,100
R_8wZToaFoWBkDfCp,d2734af190b350b5_861b49d1857524a8_cc430c747a15dd31_ce83be69934a8656c9bc4b55f7ef613b,3523,100
R_2v0yKa6efl2OZH4,f9f1491a9bfb5135_861b49d1857524a8_cc430c747a15dd31_b5ef70e4d8c34aaa522aa2970713647b,2530,100
R_DOD8ySfCLMpErJf,cb14720d6670941c_861b49d1857524a8_cc430c747a15dd31_245d56ebbf7e1c4cd920c1f2f6adb884,4574,100
R_1g7PikSHBaBhOg9,04c72cc8968f5164_861b49d1857524a8_cc430c747a15dd31_1d73ef4f28aee7a32222ee5e4c59831f,21685,100
R_2D7XVK8hwmEKaUe,07f49d9141fa8d38_861b49d1857524a8_cc430c747a15dd31_e19352323801200ca284c79afd3ac0d0,5759,100
R_2c8DHNpjkwSn8eZ,fd33dd3aa5b257bb_861b49d1857524a8_cc430c747a15dd31_c1ad5bf7f6b1490d6ffe0b75bc1b6f58,48258,100
R_3GoCYtXUAWZBEuN,0b15465db2f7b74f_861b49d1857524a8_cc430c747a15dd31_817533f0554fef5e5e9014eb3e14e3bf,3739,100
R_1mP3txH9cKrbqEb,c833c5ac42cd4a48_861b49d1857524a8_cc430c747a15dd31_20f0e123f2651971df661934c4a295a3,4483,100
R_3q849EtEvSyENf6,f701d9c02d189afc_861b49d1857524a8_cc430c747a15dd31_28c4e514f6af32ce7c8c892d45426ddb,8426,100
R_269KyGZjDcWVezH,b97cc56620c9928c_861b49d1857524a8_cc430c747a15dd31_9c564c0b88af0eb555c937221f33a492,5021,100
R_pcpNHY1m2zMPuuJ,1a296d59a4b2446a_861b49d1857524a8_cc430c747a15dd31_d233ddccf90af751dc9a4ca58239f5bb,3791,100
R_3P5n2u9S1tgi0iW,b0380a98b02a5802_861b49d1857524a8_cc430c747a15dd31_16b2f6e7deec5b15ae6ccd599af4f76c,6276,100
R_rqzHx9YsI754OT7,2503ab033f81c411_861b49d1857524a8_cc430c747a15dd31_f12b7bba28ec5d86436d1ef5015ad994,6680,100
R_3phD4TalPcF55JW,23bdb8c98bdd012c_861b49d1857524a8_cc430c747a15dd31_a24266e81663ffd7749ad7e686b07482,4842,100
R_1QAicHUgG4N0cs2,019d230990646f5a_861b49d1857524a8_cc430c747a15dd31_7eefd9c1d04b79ed8d8fb4f8cfcc9041,8117,100
R_2EzBMUtYWqWCyKx,73884cb169068790_861b49d1857524a8_cc430c747a15dd31_7a790c133ad4e19a263898f0b39ecc75,79610,100
R_302D936et51pEtW,68038518bafcd4c2_861b49d1857524a8_cc430c747a15dd31_7dc383b4c6baae273da274d21d9a26b1,4666,100
R_U9I3ybMKSXhxlcd,1d558bd5844a9165_861b49d1857524a8_cc430c747a15dd31_38c454a7baffb07959af6906382a3bb5,4432,100
R_25kFRxRc6SEItFL,89d2aa4a4626447b_861b49d1857524a8_cc430c747a15dd31_37f4d4eb2fb0d6ce4361ee684b6fb4ee,4805,100
R_3OjHq4C6AxebKvl,a08f88b250f5c41c_861b49d1857524a8_cc430c747a15dd31_6bb3632a880b77d0d628eb01b7e2dcf7,5667,100
R_1hxUvlpdF7xX7MB,69807533a04a14bc_861b49d1857524a8_cc430c747a15dd31_060f49e7d8a9427c51d7a9cc057c4708,3402,100
R_UN2QCK3MtTqX0Gt,97489d2bfd55f207_861b49d1857524a8_cc430c747a15dd31_90df3874b969367d0760c3dc60ad851c,5722,100
R_3his5KzRxqev79T,50db04b74a206fd8_861b49d1857524a8_cc430c747a15dd31_d5385ff53a1fd93c826efb164ac2ad12,12588,100
R_430It10aTo8skrT,dfa3a7fb6ab51992_861b49d1857524a8_cc430c747a15dd31_8ae09f417c9f0e13a3125528d4bd77f7,26927,100
R_20YBwOVy7qk8Adu,8a39c5c4035b92f7_861b49d1857524a8_cc430c747a15dd31_b28b41d62d96c53b13f809fe0d17218d,3824,100
R_2Xgpxbv6gZTdwoo,a8051daf47f253db_861b49d1857524a8_cc430c747a15dd31_ea9654895ec4c43758501dcb6d19522d,5126,100
R_1NmnqjqBJAKhw9T,a4bd485ab9daa11c_861b49d1857524a8_cc430c747a15dd31_d2bf4411a6b874046ee4ab1a0b338479,5568,100
R_xctp6PDykLf5Ec1,162fb3c81f41adc1_861b49d1857524a8_cc430c747a15dd31_dda158ebbe6c47d5449560ba6b2a497e,173277,100
R_1qU2tJRAUCfpoVx,4f1b04d23ad40b9d_861b49d1857524a8_cc430c747a15dd31_779d79aaf334cace2f6e39879e2fcc78,12642,100
R_2a9vxWyRyBVEE9w,7f290c5f54f39466_861b49d1857524a8_cc430c747a15dd31_5e31c4403ec21f3a13e9d980eb30e59d,4124,100
R_31v0gslWFhDjvCw,2bf7d9088b9312c8_861b49d1857524a8_cc430c747a15dd31_1678e5fc7b46df4968b214102f91e4a9,6095,100
R_10HQRoT02yDljL9,c4a63d5138750f37_861b49d1857524a8_cc430c747a15dd31_0ad0a631792d99b81f7bef4af58c6012,86905,100
R_2PpYn9Fy5aqfcN5,9dcd28696d57a474_861b49d1857524a8_cc430c747a15dd31_2c39e6f09da4ff454187da79b34e13a2,7003,100
R_1r7VywCnuIXGKIc,4dcca93a57ca9829_861b49d1857524a8_cc430c747a15dd31_93cb3c49c48720b5d9689d0518850561,318288,100
R_2f2jachRmTpV76T,1f1f103a0ad32836_861b49d1857524a8_cc430c747a15dd31_f9ec00de7c72e68bfe22b40a6f2401b7,3654,100
R_1ob7kQo8DQm4ZWL,c9c2649344c1baba_861b49d1857524a8_cc430c747a15dd31_4f1b399e75a4afb308a5379980ecfd43,3010,100
R_1Fs1b1YolkvXGfp,7f21c980b40bfa5d_861b49d1857524a8_cc430c747a15dd31_bafce1b2fc4185d8d3d716b9d41b9a1f,7836,100
R_2CqzG6RtLS0UnTM,c2a3a14fa381fc20_861b49d1857524a8_cc430c747a15dd31_b6a8d03217167680f5baa8e6f86d01b8,3302,100
R_21EXJ3XvQJI1z5H,760fb4af9dbd0d69_861b49d1857524a8_cc430c747a15dd31_9e3d1825b1f6b0809b5805b381e3b507,3086,100
R_1mx5A5JAJGwPYjo,802150847c843d84_861b49d1857524a8_cc430c747a15dd31_c3d120328294058ff121c8ab4b4ca25f,326188,100
R_3PAVHdliJk7ogHF,a27f696dd54df898_861b49d1857524a8_cc430c747a15dd31_c931113f740524cdc4b691702a4d3308,3567,100
R_yWKcphWrfmazay5,8969438df8cc7dc9_861b49d1857524a8_cc430c747a15dd31_cdaa6aa50b59becf6535a647df15d7bc,3707,100
R_3G8JcPeuBCQdV9r,cb09223947d18b7f_861b49d1857524a8_cc430c747a15dd31_470639b60784a81f12f1a0576073a5d0,3695,100
R_1LYBnzwmzOHyLfg,09682f674a45b7f4_861b49d1857524a8_cc430c747a15dd31_69afb2a1b986481401ba248a73447fad,19245,100
R_1E0ZwmmmcpiKVMD,6824727249067c6f_861b49d1857524a8_cc430c747a15dd31_7eec608a60ffe2c9f3040dca2a7d813e,5201,100
R_3fW5TAtqVXX8VPx,d5f546b008cc4604_861b49d1857524a8_cc430c747a15dd31_4c428ea10779478ef44f3093df05bcd8,3857,100
R_2tsrZlESnBuZk2l,f3a2fdc6575fd893_861b49d1857524a8_cc430c747a15dd31_4686199b291c218925db2b7ef25c8482,330544,100
R_NWTBfVQPEFIqRSV,355954dad4cb3f80_861b49d1857524a8_cc430c747a15dd31_5ec0556849a3b93a9dcf53cdece7e90d,5648,100
R_1FtemuKdLSdhT7v,769c2bc02db5f3d5_861b49d1857524a8_cc430c747a15dd31_9011f9946022d6e617336358bfd32694,2457,100
R_bBHM9JeVW5R3l6h,b476c0a7f8bcf0c0_861b49d1857524a8_cc430c747a15dd31_599af7e64cee95fae06ce3265034ae3f,3741,100
R_2BeShFkcsqaTU6e,561f1f65644450b7_861b49d1857524a8_cc430c747a15dd31_1475d72ced7248878c1efa4f970fd1f1,11651,100
R_1n6jjOWfqhTqaMs,1bf288249fa34893_861b49d1857524a8_cc430c747a15dd31_0c1cba9ab6e0750df4456501671c742b,2666,100
R_20NCXgDtjtVSclH,f8b09f74052dd8b2_861b49d1857524a8_cc430c747a15dd31_c9121a997be45d9f93051e07c15a1c51,131972,100
R_W7B8gtz28JXTAHv,d89073a7d7195df1_861b49d1857524a8_cc430c747a15dd31_a5d1151effb6bf036532ab3a0a5efd87,77665,100
R_yl8FPRP1KsRPH6p,877adddc77274562_861b49d1857524a8_cc430c747a15dd31_b13ac6ec6b42e5c5fae81839ab6feacf,67715,100
R_1jJTL3XYZUekYMH,5117a0b46a98056c_861b49d1857524a8_cc430c747a15dd31_bcdb12c4743e5b931c14cbb6a1a09bfa,2613,100
R_AgJflBdsRHLgTlL,a46f25285c5858c8_861b49d1857524a8_cc430c747a15dd31_d28c1deaf7d6d26eef654e82c3ad6e1a,2263,100
R_2w6y5yd4gMfTph5,1a2f33436260d276_861b49d1857524a8_cc430c747a15dd31_b7c3467dd79969f9251eedde915fd635,2485,100
R_51rJtiRzUy9iCzv,12c7fa98b75662f0_861b49d1857524a8_cc430c747a15dd31_69822041e396d6b2c462d4f21655b0e1,1977,100
R_1dayANdpu9xvQK5,95f35dc069d7a7f9_861b49d1857524a8_cc430c747a15dd31_fdbc8347b486d5a1868019f882165f98,2673,100
R_1MStOFegSvCsrK7,8c1aadc95431bbc7_861b49d1857524a8_cc430c747a15dd31_dcd210e5aae9fabf9e67f0f05d67b61d,2726,100
R_22yNuuPpLC7kVfH,d06d69ac86ff1007_861b49d1857524a8_cc430c747a15dd31_c7527f56e1761eb6986751f05c47afd1,2718,100
R_27OU8nagHW1HYvK,82b77bca648f5c8d_861b49d1857524a8_cc430c747a15dd31_9279daf69cc7deae62864f11f9456336,2712,100
R_3gTbvgEhvAihUsa,d7932a2557aa6362_861b49d1857524a8_cc430c747a15dd31_97e4607ee64f0c123c45fe74bc76605f,2772,100
R_Aze6JeebA6aWSoV,d556945c41d9d731_861b49d1857524a8_cc430c747a15dd31_a1aea42712451356dc267a6c95811c51,2944,100
R_1CeBD1FZQkwuimZ,825817ac3959953f_861b49d1857524a8_cc430c747a15dd31_9a196d22ba8f0a385a70c200f718f760,3090,100
R_30eplevK4RCHvqb,569073ddbf6ba780_861b49d1857524a8_cc430c747a15dd31_be1f1ad9ac4c76abc9fe2911c946635c,3008,100
R_1mlbdtbT5AtPOn6,c140f29919d80070_861b49d1857524a8_cc430c747a15dd31_f39c9490c9de543ae988b90f0599c3a1,3259,100
R_2BevZ3kfICkRkiT,711b8356bcc5c9f9_861b49d1857524a8_cc430c747a15dd31_84c903fecc511797132b5ccb7e2bd2cd,2486,100
R_t0qtB72vhy2Uh1f,1dfb354f461c8314_861b49d1857524a8_cc430c747a15dd31_1458bcbe04f78e8aaa91dd1fa1ad0299,3212,100
R_1ifcwItO7J0Qvlg,52d93b18cf8c034b_861b49d1857524a8_cc430c747a15dd31_c342b1c422e49dc2445d80c714a9560c,2855,100
R_1C1tlw1KoRuLOQA,a6d3d59f99ad501a_861b49d1857524a8_cc430c747a15dd31_851448caea97b151dbd9cbd7379426b8,3110,100
R_3FV5FCPDmTBFwTw,0cb059f8c8832614_861b49d1857524a8_cc430c747a15dd31_07bb291df27406e527df88544a8150c7,2438,100
R_3CNPqcTfYlkczmn,4d68a9d42daa6549_861b49d1857524a8_cc430c747a15dd31_6c9fc4674d50705cc178f2c791187e85,3210,100
R_1QF9mJEWTIcBfVf,9668a4990ff15cf9_861b49d1857524a8_cc430c747a15dd31_c27b7622bf26c59f032a49d781200e7f,3245,100
R_3hyzkjL6keWbJaM,86690950f52201ca_861b49d1857524a8_cc430c747a15dd31_298b1df20599198020e8bd371d02c820,2890,100
R_1K9cKZw3By0y9WU,6f5532d351557c74_861b49d1857524a8_cc430c747a15dd31_a69755184446130d61b4aa873c544a2e,3590,100
R_1LLPKXohm6wXJau,034b07aa6f5f2d64_861b49d1857524a8_cc430c747a15dd31_dea4db06f2cca34f1fbda48f8732df1d,3730,100
R_1hZ8nUXiNgZ6Pm1,690f2f40934d5fcf_861b49d1857524a8_cc430c747a15dd31_e80b4a3947fe363fb0023ffd7619269b,3439,100
R_3G7YXhjRjGwCaa0,3aba170af4d7b573_861b49d1857524a8_cc430c747a15dd31_50bf9179c7d84b796d36d0207306b51b,3338,100
R_1nZ6gnepME1LLxD,f7378f2dbad8852a_861b49d1857524a8_cc430c747a15dd31_579420a9f8e6464d22c7ae0a56a6fc98,3523,100
R_12F5aG3MOsnGhGD,cdf37d11df2089f9_861b49d1857524a8_cc430c747a15dd31_038aac92cf65f378d4f8aa10ebd4227d,3484,100
R_2EgG3iayRHKQayX,25bb30b7a6680175_861b49d1857524a8_cc430c747a15dd31_400b13523b4e7ae748fd43f156f1597c,3405,100
R_1Dwlx1LN79on3KY,61c47b4536072b7b_861b49d1857524a8_cc430c747a15dd31_28966acc18f7ebb320c013e512d71df3,3467,100
R_2s5XLMacWzX1bkB,f71267f13b413694_861b49d1857524a8_cc430c747a15dd31_9f20d23d6cef4af40f069b0ed708178c,3930,100
R_2TGlnaURtshfQNN,8692f7fca5255b66_861b49d1857524a8_cc430c747a15dd31_cc7b87641bc947ca608b9eccf4c419ea,3329,100
R_325zX4aVSKEKaEQ,c16807906793fcd5_861b49d1857524a8_cc430c747a15dd31_5ca7cded3d6f197a2d101bcf7dbb20c5,3055,100
R_benI80rZjKeDY5z,8b606875f91b5d22_861b49d1857524a8_cc430c747a15dd31_886bff0828eecafa200a7c3cf26ddc5c,3995,100
R_2y7P4HbNVP78ZRH,66859f75a79acfcc_861b49d1857524a8_cc430c747a15dd31_8bc71fc3f37cbdbd32c817b43200becd,3453,100
R_BzZzLGPqnc8ytKF,a92cc7733b7b3a70_861b49d1857524a8_cc430c747a15dd31_5caa9a10e170353a4abdd1ae60878887,3505,100
R_2awNQ6lhMVGWgK2,398f92589b2ccb08_861b49d1857524a8_cc430c747a15dd31_0c635433b5b2cff800bded1787f7d992,2674,100
R_3r2p9tvTCoAmXIn,dc174b4927aa5510_861b49d1857524a8_cc430c747a15dd31_30012fb9dc59a5492d151fefb1a9b8ce,2919,100
R_9pqfPqdg9U4ZPJD,79025314641b87a3_861b49d1857524a8_cc430c747a15dd31_9eb13542828522d552a032f9b571aa4e,3731,100
R_sng4IIas2mXDVT3,3222d17a3dc65190_861b49d1857524a8_cc430c747a15dd31_8a1e3f07c6fa561800503248d9640f1d,2368,100
R_25LpEGvRwaSKO1m,a13991a942387124_861b49d1857524a8_cc430c747a15dd31_0d9a8d93aaa8839a1e0c7f6946b43ca2,3449,100
R_3s601QOh99Ob2Yq,45fd1c01204fdf19_861b49d1857524a8_cc430c747a15dd31_315d8a7aac1c4c7e8861ebfe9e269704,3528,100
R_11araaiKoz7CPpe,643fd4076862d703_861b49d1857524a8_cc430c747a15dd31_f0e720ff9b9f0a6da39914b993404714,4158,100
R_3qdEUwcDoKRC3nV,bcb83adb8a03fbb2_861b49d1857524a8_cc430c747a15dd31_37ca06f504dcc6d4e7657cc01270c05a,4501,100
R_2s7oIFXfenpBZrR,9c095ccf81957bfb_861b49d1857524a8_cc430c747a15dd31_942ce5aee20c29be5d7e5dc3ea5d0823,4129,100
R_3O2HQue1dcY0fGC,142dd472d921d41d_861b49d1857524a8_cc430c747a15dd31_8b99dac285d7953f7bdefd8a54b7c289,3606,100
R_1SWc8brG44Tvugx,28625ff8908183d7_861b49d1857524a8_cc430c747a15dd31_e7f531c56774a4d0b49f8302537ffeeb,3523,100
R_1PTxgFyvyTQIi3g,73a3196a7171b558_861b49d1857524a8_cc430c747a15dd31_0c0b96882e956b7838ef6848956ebc26,4002,100
R_3sn7fqIPLItTIrN,3f47391ff399ffb4_861b49d1857524a8_cc430c747a15dd31_c360050069773207fd72bd38ccfdbeb9,4471,100
R_2aqUuVvT2cuIf3Z,84818100d824857c_861b49d1857524a8_cc430c747a15dd31_abfc1a55ab427ed466d60aaa5d0a7da8,4798,100
R_1kXH2Z3FiQwjCpo,341b18092f1d5789_861b49d1857524a8_cc430c747a15dd31_2065feeccb3b22e21be89582ffa7a926,4872,100
R_u7KqWEfKaWQhI3f,d47a63594bca25cd_861b49d1857524a8_cc430c747a15dd31_152273b8a12f1b0521b162f46145b6cc,4882,100
R_Qgh3w1nyBAIXzWN,d114136371b2abc8_861b49d1857524a8_cc430c747a15dd31_4b150b34ac47d3e1819bab4c508f8edd,1951,100
R_25yFqurc0jrc7nh,110823a33aa09b8a_861b49d1857524a8_cc430c747a15dd31_3a6a8a77c154b98fcce69bb622767af9,3690,100
R_BJ8C8jEYV0P7iVz,d545abf834b10b02_861b49d1857524a8_cc430c747a15dd31_158e4b0c551fb7194ce07d4aef73da16,2684,100
R_71YYcYqxBqZ6YP7,7c16f6a282bc4ddc_861b49d1857524a8_cc430c747a15dd31_efbb3e3eec40f3af1e7e08ee64094483,4909,100
R_RxJ9BoHF7AGUNoZ,b0d54bf9867f25c0_861b49d1857524a8_cc430c747a15dd31_4c816c36dea08119c54cc515ea5b1adc,3479,100
R_2CTesOSgLhlGalz,56fd4c11695fbbb4_861b49d1857524a8_cc430c747a15dd31_b629afa9ce1b4a16927d5932022cb8d2,3860,100
R_2ahLgvUFJL9L3Df,9b88b99c562d3271_861b49d1857524a8_cc430c747a15dd31_997d50f49732a3376fb8ebbd4c400d98,3112,100
R_3ESZoj2kFzTbXM1,0a1d8f42066c2281_861b49d1857524a8_cc430c747a15dd31_58a77d59e2b0a138c356b2252cd1a53e,4123,100
R_b2fAOMwGBvivxTj,6b65a5336baa37c7_861b49d1857524a8_cc430c747a15dd31_a9fa8e053792409cb9f9405ca7f7bfaf,4604,100
R_2D2cqPaXrMEKojH,a90d96cc5467314a_861b49d1857524a8_cc430c747a15dd31_a5fe9ede94a3f69016ea022f29c5370a,4517,100
R_5psCr4n20kO9PKF,a5912498db6fbf32_861b49d1857524a8_cc430c747a15dd31_6b2f1e9981fa60391b26d5ed36e747f6,5242,100
R_25FnbXBMICVnVOa,1b39d5759a31b300_861b49d1857524a8_cc430c747a15dd31_b130d79c11d6474c5a5b78daf4888afd,2961,100
R_1ImAqBGgXqILkd5,3710323d65753bfb_861b49d1857524a8_cc430c747a15dd31_f14946b4c2df303d801ede9db696c35c,4142,100
R_1jJlu9PxK7x8rOm,7c68df2988b16664_861b49d1857524a8_cc430c747a15dd31_266e9f5771b9f97a5ec1d434ccf2febf,2563,100
R_2qkLqrwX4eyZkAX,c4a70ff06088f2b4_861b49d1857524a8_cc430c747a15dd31_efa112da0010e513268474502fb77fc0,4282,100
R_2aFsXvo0P0JUFjJ,3d4fcdbdf6719816_861b49d1857524a8_cc430c747a15dd31_9aa6ac2bf8026d02bd999f378120b73f,5691,100
R_1E3PzHkjPA2dUrf,32f77c3b08592cd1_861b49d1857524a8_cc430c747a15dd31_48dea1ea01dca25d2da2be00cc2aba17,2627,100
R_2WGy7VfasZL0sLG,5a9b02076c0c4c72_861b49d1857524a8_cc430c747a15dd31_a1653aafe734f7b3ea9327ee87a5c09d,2957,100
R_2ZIV6SDJWiyykgX,07fb6822d1bcfc16_861b49d1857524a8_cc430c747a15dd31_d102555970151e7c8923da72ca4da210,4783,100
R_1QLWSkIslHG02pF,a7886664ca338498_861b49d1857524a8_cc430c747a15dd31_830de04aa33a556807bee77da82113ec,5186,100
R_3gNrXDaN5wyYoiJ,64a90d71c46f1544_861b49d1857524a8_cc430c747a15dd31_52b5bec184b160ac8eb0521b6526ce69,2673,100
R_qJzX3yC5thlmkIV,0fb7ff4b87736c51_861b49d1857524a8_cc430c747a15dd31_b6212396aaacac042b63bbaecfbf5258,6137,100
R_1gd00Z3AsrgWEPT,2c10cfd101696add_861b49d1857524a8_cc430c747a15dd31_bfd1da592243fd2e0876291f6cfafae0,5387,100
R_2Ber70PwYS5KEvX,03148c040b746293_861b49d1857524a8_cc430c747a15dd31_0cd30237b68fe9279ea83f07af06b960,3558,100
R_3kFzbzw79OBP3xy,5b15f34829cbb5bc_861b49d1857524a8_cc430c747a15dd31_34101f0a64586ab50c234449de3646fd,4998,100
R_3P5lvirWNeFKD87,677d10c683f40b4b_861b49d1857524a8_cc430c747a15dd31_858ef531e777663624708920f9d3347e,5536,100
R_1i3zsgzNWtPNlds,d9a35d4d42bdf983_861b49d1857524a8_cc430c747a15dd31_5e1133aef59bd52e88616f28ae920226,5261,100
R_0JxJssjzZ9iY4Lv,f2ac0b9760a681a3_861b49d1857524a8_cc430c747a15dd31_d9ea20d11cb6689da3fb2e2f37f5e0df,6304,100
R_3ktUhoGJRwt9q1I,740b2291561a8388_861b49d1857524a8_cc430c747a15dd31_34c91446a448ec82a8737c68e40fae0f,4817,100
R_1rIERZWC2tCcVKG,09b60529893711d0_861b49d1857524a8_cc430c747a15dd31_6984f2f732ad484ab04f2e2ee247fc2c,5934,100
R_8c72dV8sCEUHhLz,35b17d6f7dbfaf66_861b49d1857524a8_cc430c747a15dd31_f9694ad503459991de425267df61aa73,5943,100
R_1C2RTXU14EWAsGj,6c213332c2a1b235_861b49d1857524a8_cc430c747a15dd31_319e8f25f4ced9c26cd42ace16df9189,4583,100
R_RD2usTAZbiuMdIR,f7d5f21246bda80c_861b49d1857524a8_cc430c747a15dd31_d79ec5b837b7635412541420bc770fa0,6252,100
R_3gSlhSdh6cg8kR7,bc9a01382dfcbb48_861b49d1857524a8_cc430c747a15dd31_33639b2010e7d0567a0827f961cab1a5,5321,100
R_1Q3Dt2AIWWJtZeC,cc050d3a40db87f6_861b49d1857524a8_cc430c747a15dd31_8fb197a7e09e56f757ceca72b220ce8a,4378,100
R_31FM3ulYqK55TgY,9bfa4af7452f6c8d_861b49d1857524a8_cc430c747a15dd31_a167651f98977fe4c53e0dac847c35d9,4084,100
R_rl1fF535G1OrAUF,da1c836658769ad8_861b49d1857524a8_cc430c747a15dd31_c8b2dc40740426f134ed064d06e9e26a,6820,100
R_1rGogjYvJtngQCL,56a83a452955dac3_861b49d1857524a8_cc430c747a15dd31_72096edb4e10bd1dbe68235022af31b4,6673,100
R_2VaKF7x5QtdtAUG,acfa5c361fa51282_861b49d1857524a8_cc430c747a15dd31_8ffae29bbaa400f280f46c144ee7652a,4435,100
R_1PTWmFg4RmNwACp,7c564084f523052d_861b49d1857524a8_cc430c747a15dd31_8f8df93ae78fcb42f61fc7bc1f144901,3333,100
R_3lRD0RW13wkT6vI,ba012b13c7f87d73_861b49d1857524a8_cc430c747a15dd31_480f0540662dac1dfe5ef5b49f1938f8,3796,100
R_A7ohlxc8KDqZnEd,6a6d5347999cdc4d_861b49d1857524a8_cc430c747a15dd31_28c8e8e8115e22266662d4f0ad232967,5880,100
R_29cBsCOCzymOwUS,da64c158abd01bf6_861b49d1857524a8_cc430c747a15dd31_07872351c608fcbefc854129402ea547,3110,100
R_TdQrdbQ9ZawOPYJ,1603bcf250559f22_861b49d1857524a8_cc430c747a15dd31_c2d62eca956b04d7ca51bff48afd5ec1,4883,100
R_ys6k9GK0qKOTVCN,04d29074113cc438_861b49d1857524a8_cc430c747a15dd31_c1cb10c04ef5d95c8807bc35c2ee040f,7291,100
R_2VlFK8rtRyB3ITm,cfddf4f5431db6a9_861b49d1857524a8_cc430c747a15dd31_c2a44c64641d6cf956ec2d09b32b6e8d,4073,100
R_1mWcpxz0QGQrI9J,a05377975b4aba33_861b49d1857524a8_cc430c747a15dd31_9c0a608b91464a8f3c0744a17e7618a8,4855,100
R_DwXI7H1FigMtXH3,95f7888c60179038_861b49d1857524a8_cc430c747a15dd31_14195690dfd0d386029e980b30d50865,1808,100
R_3Rkhwy58iaMjnp0,6fc61934b60a7344_861b49d1857524a8_cc430c747a15dd31_bf094a4fcc786703629cb73f8cdcae25,4999,100
R_wY4GDs52IiSebeN,1b18a0d12c1488c9_861b49d1857524a8_cc430c747a15dd31_9327f5edde8b4c5edf82c9d5de3ebc2d,6418,100
R_2CqyBNMszV1v0eD,5cb48c8f37d9a935_861b49d1857524a8_cc430c747a15dd31_deb70cc7e5f480f795e7f5e0d1874506,2954,100
R_1dmiWD6Tg2MAdtz,6b951d38ccbf6f61_861b49d1857524a8_cc430c747a15dd31_9134c51c6ead94e78d6d8afe76a5ba23,2543,100
R_2afBgCjV0tiPh3M,d61c23018f3975da_861b49d1857524a8_cc430c747a15dd31_95b5aaecd6617acbfa47d1ad8d3837e3,5112,100
R_4Jv8vV6EA14z8lP,c99389715374a511_861b49d1857524a8_cc430c747a15dd31_d404de467098d634abbc5b12662bdd49,5996,100
R_2t2J6zkA6lphX8c,cd0cf444849b01f0_861b49d1857524a8_cc430c747a15dd31_622f1323bff9ca2cc1bf3d0a71f19722,5947,100
R_ezCPI6h4FASdSAF,35810d9b15f40837_861b49d1857524a8_cc430c747a15dd31_81abb36595a990d88f70ba55b56a94da,2582,100
R_3MxlNe2gkEq1xjq,11503653442a4882_861b49d1857524a8_cc430c747a15dd31_562a4f6c7b1dfa56181f731aa9ea8aea,4351,100
R_1HbC3PCm6zDjSjQ,f4494b0933389dc0_861b49d1857524a8_cc430c747a15dd31_5b92f3a4af9ab5301ee056f0a7ca4005,7280,100
R_3ElDprmfMfIIg23,b78a224209934827_861b49d1857524a8_cc430c747a15dd31_c39072fb098446ac86f4a99362895764,5460,100
R_1hXqQ7TgGJgWLbw,720d8c62976618c0_861b49d1857524a8_cc430c747a15dd31_b874eff17ed926c77160e6e39ed47e18,7153,100
R_26t08VS8fEFCfcJ,cffd775011158cab_861b49d1857524a8_cc430c747a15dd31_4a0203256899f765d9071f731c8bcc43,5305,100
R_27NAkdNH3euPHPa,cdbd004d8d009842_861b49d1857524a8_cc430c747a15dd31_c407306eaa5ec83e2829c9085b1ce617,3829,100
R_cOaOaBegtRK257X,6853da75ccc19927_861b49d1857524a8_cc430c747a15dd31_28fb1861fdee2df6b173c74217233327,3907,100
R_dbvaWrqDx2YUOSl,89cccfcbb67a36c2_861b49d1857524a8_cc430c747a15dd31_44bcc3b9c32365853342ca44ebb72587,6329,100
R_3qPULco5SMRRNVX,180b100d7cb3479f_861b49d1857524a8_cc430c747a15dd31_115e3a60dc24e0a26f71062963b4be0c,2949,100
R_3r3fRZz8hlLyEs1,039360b8a0cf8254_861b49d1857524a8_cc430c747a15dd31_fcf72172fab7a6cc62d5bfe2098f0aec,7922,100
R_SBgCxCYRsqGijfP,00bf4356c0ad846d_861b49d1857524a8_cc430c747a15dd31_ebc128c59991c4b680bf3cd229ce466e,3216,100
R_1IAEm5uNnnuCFGh,6b9b96727cf10181_861b49d1857524a8_cc430c747a15dd31_8135c6ea9278905c88ced4d2a9df6f5c,4048,100
R_31SNSk02xDWNVCe,484251800b6d5723_861b49d1857524a8_cc430c747a15dd31_e6346048a471afaa54009a84862ab20b,4495,100
R_3CUETvXQReCX5da,43c3d0c1a9428253_861b49d1857524a8_cc430c747a15dd31_0a06f4535681f5ccd9a5fc7c0bf1925f,3892,100
R_3RmFEZRqJe4TbGK,d5fd621c2041b8d5_861b49d1857524a8_cc430c747a15dd31_2348eba3e18ebf524ebabe7bbce1a629,4585,100
R_2QgK61absgk5Lrr,4a94699921571c84_861b49d1857524a8_cc430c747a15dd31_5e29c3ddad07e65a0559c96e82f9c2db,7587,100
R_3ikwgqeYd46czpj,c8c1a636b82b029b_861b49d1857524a8_cc430c747a15dd31_12435034cfb29f54a892e591515c94d5,4450,100
R_1pm5WJHKtR8ssJO,f369b47817a95308_861b49d1857524a8_cc430c747a15dd31_0a9d816b8c7ad8c4fbf2de11f55fedcc,2562,100
R_1oI0UNs5pr8vNLt,71689a9220c7d9cd_861b49d1857524a8_cc430c747a15dd31_f4153c69987c5a83255a4957d31df549,7466,100
R_3Phtz2LqNt8BEzp,59c4f49c35dd152c_861b49d1857524a8_cc430c747a15dd31_845ec50d9132425cda86f4fb2edcccf3,9444,100
R_DOcaXUAT3Y5U3kZ,8d9b2796767216fc_861b49d1857524a8_cc430c747a15dd31_17f33789918aca63503d83651609f082,8509,100
R_w5Aa2Y6r6j6RTdn,094937aafba9fd3a_861b49d1857524a8_cc430c747a15dd31_bf01dd433a68aaf0fd1a979073cbdfae,4001,100
R_1f92r6zfXf4kAly,8810d79cc8a7ca69_861b49d1857524a8_cc430c747a15dd31_d2c06b77bfbb34c34b1a31a8fc43733f,4109,100
R_1dnu9F98crY8apU,5b368b3d275a625f_861b49d1857524a8_cc430c747a15dd31_caa180de268614f9eacdca77fc8fdc47,6288,100
R_3PdvuIQzi2pPHQe,02a6fa5c127369a0_861b49d1857524a8_cc430c747a15dd31_3e67ff38c580d7a06d3905ae88e73efb,6843,100
R_1ds06dJ0iWbzWWt,9436dc534248387d_861b49d1857524a8_cc430c747a15dd31_d32307a25950c3daa941f9a90fe3089e,5335,100
R_b74yUEhc9AkENVv,4fa5ff2a062b1a96_861b49d1857524a8_cc430c747a15dd31_51e2cb15a573b924b56309fc49abdaaa,7503,100
R_2ZQVo0satRt4AIT,a78abcdf733136dd_861b49d1857524a8_cc430c747a15dd31_2c9a0bf80d65201840c68e4fd3d2bf64,6499,100
R_1et8bKRHNG5N3d3,85a5cf29c0bf1f0c_861b49d1857524a8_cc430c747a15dd31_fb26496ae008722c9d4374ace8062821,7493,100
R_25RROHhPZbZqOAW,f1102a48544f8734_861b49d1857524a8_cc430c747a15dd31_9df94e389a92111151baa559b8b1c6dc,8613,100
R_Ags4uM9GuI7t3k5,4d29fdd913acc55b_861b49d1857524a8_cc430c747a15dd31_3896277986c9169ebfc1a2546d0cc359,5488,100
R_2QJSzrSnZDI0LwU,3c15f88963cc099f_861b49d1857524a8_cc430c747a15dd31_506f36f49f5dda0c72590f3a51810704,8202,100
R_3HOm4LmFtXu285V,4651bc51ab608c1c_861b49d1857524a8_cc430c747a15dd31_5657e798d57f9352fcb1aeb31673ec12,6837,100
R_CaI8QeGSpASDf5n,13c597753a4bfa13_861b49d1857524a8_cc430c747a15dd31_204c0d87bf25ebb31570370ffcd97069,9532,100
R_dikbW2pt65bQCml,a5b4f85bb66a44da_861b49d1857524a8_cc430c747a15dd31_19d76a7288bdfb0b89cc3cb9114ff56c,4632,100
R_DCuH745ErVgMmgp,fa977210b54457c3_861b49d1857524a8_cc430c747a15dd31_275587201b86fafb418ab4c33d56e65e,7953,100
R_1OSPDKyNOudU7Yd,2a6dc881910560f8_861b49d1857524a8_cc430c747a15dd31_cbd54c721d335351b699be3a0642a298,2582,100
R_qWoXAAAau8ZlRcd,831f19512d8c6a46_861b49d1857524a8_cc430c747a15dd31_4764369d914ce7e542388ee2ca4de94b,2717,100
R_3M3Qxo8koc53648,a85bdf89815d2bc6_861b49d1857524a8_cc430c747a15dd31_038aa573361789583716e2e702052b86,4230,100
R_3nwKF45TynEmst7,708b149a289ad4dd_861b49d1857524a8_cc430c747a15dd31_cb0549dc126dcd9b3db18bad47782a00,9929,100
R_1rvtyzjWRcK5PQt,4b7988d737d864d2_861b49d1857524a8_cc430c747a15dd31_cba4e1e7d1c49f3f221a9888a7f242c8,4318,100
R_3nB1vEgW9EULoC4,a110a75b07bbb70b_861b49d1857524a8_cc430c747a15dd31_d2b490ae9ec1518c7ea82b29d14d5cb3,9209,100
R_1puiaAdmJql71wl,5948697c998c60f5_861b49d1857524a8_cc430c747a15dd31_6a15fe70ad592feab0ccc0d4177601dd,3434,100
R_CdChfGIJHSTvkBP,5baccd22c52b3445_861b49d1857524a8_cc430c747a15dd31_6fd227f784f5b33392669f646d7b0dd1,4345,100
R_ac0iIPZoBTfDW5X,d889831c0dabdf15_861b49d1857524a8_cc430c747a15dd31_c10ed5b871decd658d7ac524a5f86370,6374,100
R_3PAJPPOBBvZ5SgZ,dc242266116358a9_861b49d1857524a8_cc430c747a15dd31_dca9b11341f48155e6d7e147e505723a,3328,100
R_Re6LNTriGXSiMnL,2144b287b85286ca_861b49d1857524a8_cc430c747a15dd31_e6540e14117b9905319260159fb432bf,15866,100
R_2TYMZkfZcpWfown,3010018db2d05132_861b49d1857524a8_cc430c747a15dd31_54af08dfb570e3fa832fbd5c6c7b6e0d,12186,100
R_DRYU5fHqrm2tnZn,5a9230c62bf764a8_861b49d1857524a8_cc430c747a15dd31_5cff41d28edb64ecc17487aef54df4a0,8976,100
R_esxs4DhyOjJRThL,6809d7ba727d94fd_861b49d1857524a8_cc430c747a15dd31_75af05d817d17c46dbf2c804516b1e16,5311,100
R_1pzGYKzfJLsiZRD,8cfab324c67c9540_861b49d1857524a8_cc430c747a15dd31_755290a64b30b869b9557f284a6c3afc,3570,100
R_2ruXL8caJiX2bcR,2f91102626f2b0d8_861b49d1857524a8_cc430c747a15dd31_f6b163ddb3d844b81482fdd0fd130557,5233,100
R_3QXnmRD8gxQHjpO,f04152f710a1fd91_861b49d1857524a8_cc430c747a15dd31_30af6dda84a93a720db582530e38e749,4128,100
R_3hyGXd6n0RfkpBB,188f4930755a6a73_861b49d1857524a8_cc430c747a15dd31_737a6f51c67098f853cab10968eb66b2,4686,100
R_2THSe4yeHZmFzqP,326f002d87d6f248_861b49d1857524a8_cc430c747a15dd31_dbe0793c76f9ed0cebe6fc6136893faf,5791,100
R_3kcXH315bvv26xL,b387c9f0c8147558_861b49d1857524a8_cc430c747a15dd31_d5ec2465d0f5c6ff308b5f7857650737,3900,100
R_1qWXMvR9gSOZfHW,4bca200d444d53a8_861b49d1857524a8_cc430c747a15dd31_7f7df3aa566dde5bde8f775fdd587151,5024,100
R_1lsheyfccvJs5p1,8932238ac50ac913_861b49d1857524a8_cc430c747a15dd31_161dc4ad0a157165f5aadc1be404eb6c,5144,100
R_2czKeNgd9UxUswR,b48762d6a3238372_861b49d1857524a8_cc430c747a15dd31_7c7adecf6b193198d4b4bfcd28560a6f,2802,100
R_3MrHTR08o2n8YyM,47b1b6630cda422d_861b49d1857524a8_cc430c747a15dd31_4b66875cb0f20fe80a74108e442bf042,3382,100
R_3irjSFx0Cq0bcYv,bf49868b35024c22_861b49d1857524a8_cc430c747a15dd31_2d496ed519c4bdc990f3001944f79dcf,3551,100
R_50jqxWODRREVRUR,285837fd02873000_861b49d1857524a8_cc430c747a15dd31_14e331b2672005278f7127fe19899cc4,2953,100
R_2TuCkcTNAXoa8PL,f257a554a757a186_861b49d1857524a8_cc430c747a15dd31_8e249eca0bbd6388f26be08bfda277f0,3129,100
R_1RF4gN7EjEubHmF,d0976777d01f8665_861b49d1857524a8_cc430c747a15dd31_16e31976544865c4c9ceb24720fdee8a,4759,100
R_3rPBkCBgE1bYz1Z,f60df335c85c0635_861b49d1857524a8_cc430c747a15dd31_4886463c1dd2b836ede67b7978407b31,5184,100
R_1nYKpSA7daPxPsw,1b4d8724fabba5cc_861b49d1857524a8_cc430c747a15dd31_cd26b7b5ed0c76567520574bf669be39,5703,100
R_265TdzoOvBCV013,242d7ab9f089676f_861b49d1857524a8_cc430c747a15dd31_8cec9074807eab999190c2fc57949010,6193,100
R_3dNejZVPdEbIxTj,73755bacacc99872_861b49d1857524a8_cc430c747a15dd31_b26068f64990dfbeaaa2174390a4676c,3376,100
R_SJ2QhVHjVAN5r7H,8762376f1b544436_861b49d1857524a8_cc430c747a15dd31_3b1f266710b61e301a151c6c2ec905c2,5061,100
R_2WVg8GUA7Ze4aDA,883df0d5ac32ad11_861b49d1857524a8_cc430c747a15dd31_392ff36c06678173c3d7847b8ee617f0,4940,100
R_30uTtpOGMcjOyZM,0526f50f02f78547_861b49d1857524a8_cc430c747a15dd31_90288ad374a194dd92fadc976c085519,10572,100
R_33ka0cdHms3fVhi,b954c4aabda54044_861b49d1857524a8_cc430c747a15dd31_98de8ea2294ac43d03fe9566c5e68c7e,4715,100
R_1rcy6McoHNRbWI3,8f8d34251856199b_861b49d1857524a8_cc430c747a15dd31_025de9ea4517bb274247eb6204f00b83,4446,100
R_1M05tVfhWpX4O7f,806b6c1f50738033_861b49d1857524a8_cc430c747a15dd31_da6d345c3029c97743593668c1f02103,3863,100
R_e3AcxrbPhknVPQB,9fa2b2bcd8437f2b_861b49d1857524a8_cc430c747a15dd31_4b50344921aa86c9de94e7b466aeeca0,7115,100
R_3qDS4xQE8wFCxaR,bdb71d67b6bc24bc_861b49d1857524a8_cc430c747a15dd31_c5681a974cc040e721ac06e43476c51c,3320,100
R_3lR2QFsZ2pEXNV0,3b15dac6a4a8a544_861b49d1857524a8_cc430c747a15dd31_52761283167a041d1461a6f3e706a418,5260,100
R_SZbF9vd2KnB7O81,4360f2a281908463_861b49d1857524a8_cc430c747a15dd31_56f4fbbe787f9ddc867c6c5b70e5055b,3740,100
R_21FmMzvm8Kbarhy,2288c1c28c37119d_861b49d1857524a8_cc430c747a15dd31_8f552c5c994359c00daf1fc4464f8ed7,5659,100
R_1jJrX9NR9pvOTP5,5f763a3027ca12c1_861b49d1857524a8_cc430c747a15dd31_4ae067f551d9e952785b43205eaa349d,1929,100
R_3gU8fDWShyAVeNx,dc799f4a9c0fa814_861b49d1857524a8_cc430c747a15dd31_0b4389504da619b460bc8d5c9e52081b,5474,100
R_wYNOjOiLiQ6JKlH,52658fa797094c79_861b49d1857524a8_cc430c747a15dd31_eb0ef2a7aed269a72fcab6bade15dc1f,6204,100
R_3JKtBV9uHsMg9Gz,00450973ab581a2f_861b49d1857524a8_cc430c747a15dd31_62bd48b4e97d81755507e1087beea7ea,3714,100
R_ehepnECTaqlowvv,acd20ad9b9f67155_861b49d1857524a8_cc430c747a15dd31_777b946de837a58606cb574f5c5a9b94,4193,100
R_1CCTOcvoWrITydQ,7064df143a0b3772_861b49d1857524a8_cc430c747a15dd31_7120e3808ed0a1df3f5b7c493b27f59b,3834,100
R_ddm90FBfbbbXOsF,c1d14d3722cc3d8a_861b49d1857524a8_cc430c747a15dd31_53396a2e910c2c142ef23d3ededa1d1c,3007,100
R_1NysAT86T8IKLXt,85a162837f252d90_861b49d1857524a8_cc430c747a15dd31_201027d52c43ae2997a123326b1e9085,4826,100
R_3RebIuQ2mk9GnHc,5ccfffb1bdcb5544_861b49d1857524a8_cc430c747a15dd31_e71fc216253c4077ac16dfba3afac117,4081,100
R_sSZctyGiexMsjrr,da307f46753aa177_861b49d1857524a8_cc430c747a15dd31_780255c2e3dc0daaed3aaaf322017117,4398,100
R_22xkVZkMGqw357Q,025b6cfafcdc358b_861b49d1857524a8_cc430c747a15dd31_d8550cfe8ca06a960fb75711c4771ccd,9181,100
R_RFgvf7giLBYRMit,4983f6341f708fca_861b49d1857524a8_cc430c747a15dd31_8a800cc23dea65a9033a9561a28e4a03,6514,100
R_1GHU8G6b0Q6rHxG,a5dc018fd03ba8bd_861b49d1857524a8_cc430c747a15dd31_49a4de7bd5a44a30c1fa95a93e70761d,3908,100
R_pFycexvQJ27Z1g5,f8814cbafd7f6a53_861b49d1857524a8_cc430c747a15dd31_4128f04b2166962c90868ad1a31cf591,4013,100
R_11cG62aaF32JFgv,f433a522589b8006_861b49d1857524a8_cc430c747a15dd31_d43b4234dbad41c22608053e0437e9ce,2842,100
R_3htZmxHUrbDLLKb,02036a728038308d_861b49d1857524a8_cc430c747a15dd31_ee83bedf32f2cd7ac66040c6cb931340,3931,100
R_1CDgWRnAWgwRzhZ,648f53c819bf1f68_861b49d1857524a8_cc430c747a15dd31_5ee746a16b90eef3d38687a77039c4ad,18712,100
R_1FrK8BRExynnaTG,b1d874cf43519abd_861b49d1857524a8_cc430c747a15dd31_8e44df8a5135b317d473a6cab2537aaa,6357,100
R_2fGIDxAtpgB84E6,36239a293b1f3100_861b49d1857524a8_cc430c747a15dd31_010711012ed286b9cd883907a574a7ea,3326,100
R_3Oj4dj4kRkMvd1G,a91c17855d630413_861b49d1857524a8_cc430c747a15dd31_6f24ef7e04b22ba4d969316a3683ffce,6550,100
R_2zRPpHDRP92jfLL,af91292a238ca714_861b49d1857524a8_cc430c747a15dd31_53efd20ceae5bd472d54a9a6c12a2a2a,3312,100
R_2QgRMIhveiIfB5v,f8d9f1b4fbfc6ca3_861b49d1857524a8_cc430c747a15dd31_ab6d1bf8ecf0897a66bac159e9ed9311,2327,100
R_1YSVhj8wGhs7qtr,8b5ddff071d1cb68_861b49d1857524a8_cc430c747a15dd31_36dbec6b0b2a594962986e3bd04ecdd8,15383,100
R_10SoFgefdjwXgJG,852adf5279a10d16_861b49d1857524a8_cc430c747a15dd31_0efe857edcc8017d8a0769160473ff36,6048,100
R_2UhJx3onGfkJXpo,d04460fb3c96006f_861b49d1857524a8_cc430c747a15dd31_43879f5585630a37abbcc82288af376d,5852,100
R_ymx8TOwMBVnjMnD,270bfccb93c68036_861b49d1857524a8_cc430c747a15dd31_4a2a238e643984272f8f877b5bdfecf7,4704,100
R_3FKvybkejmPhONT,00b93dfcc1b95f3b_861b49d1857524a8_cc430c747a15dd31_37f3d877db52bfcfffdb20cac8cfe9de,4278,100
R_2sCmbgmArY3yaNb,8396a38c728cb66a_861b49d1857524a8_cc430c747a15dd31_fb0fcd6542dea293c4201e1416c39489,4298,100
R_8IETO1u2otNoGgV,6861662f61ac2649_861b49d1857524a8_cc430c747a15dd31_7ca0f1b610e32aba8800e1b918312388,4153,100
R_3OqswzHcFIg0Q5a,c0dadb2f8795fd62_861b49d1857524a8_cc430c747a15dd31_3a496cf754308417a3309f2db68ae408,5415,100
R_3rTV94xCyJrBsTy,b34db43778f23390_861b49d1857524a8_cc430c747a15dd31_5e26af6c02393d03511604372eada55c,4286,100
R_2cuc3xrriHblKO1,6fa74db91c7a6522_861b49d1857524a8_cc430c747a15dd31_126104ecc20ba511fa58e8f13b151a25,3007,100
R_XTg9wIl8EWpsfjH,b247a3fdd53d3582_861b49d1857524a8_cc430c747a15dd31_a607b17cf07240217b22abeb8a0c59fd,18168,100
R_2tu5xSN1x7Ow6q9,8561c8a5ca4d4af4_861b49d1857524a8_cc430c747a15dd31_4fb9d5a851f9f717a28fab13f3383e59,3096,100
R_2bNm6wZALZNdT9L,634a5cffa1a1bd52_861b49d1857524a8_cc430c747a15dd31_698374ebac3689b1d876b669ac0f3175,3149,100
R_1FM0cCjtZi25I6Q,582b3dd74c2c8f51_861b49d1857524a8_cc430c747a15dd31_a1c64f9d4d73a46535e7aed9b4a65204,3062,100
R_2D8iuKawJOq7iYR,9035a8d11508a1d5_861b49d1857524a8_cc430c747a15dd31_17c26a5c291432528fbb7bfa0e591494,4541,100
R_3OpMNx3ILq0x2JE,c33465d1b644321a_861b49d1857524a8_cc430c747a15dd31_db7aa04602193646749519e9d43ededf,3565,100
R_3oF9J9JHD9pe6Fu,4f743737af03bd7f_861b49d1857524a8_cc430c747a15dd31_71e73002782465b3aba55806550d6f8c,4314,100
R_ReP2SFh2kK7OGUp,0a9a75ff37ab9b60_861b49d1857524a8_cc430c747a15dd31_b7355b30950d8b331ca6d168cd323621,39259,100
R_SUC23EM5eTKYoZH,a8507a78bb6db9ad_861b49d1857524a8_cc430c747a15dd31_48d1967c13d53f8ccb8681f92c0345f2,2329,100
R_PRI9RF9mcMUb1pT,614c71a00387445f_861b49d1857524a8_cc430c747a15dd31_f81b62407243d8fa153d17671df60bd5,40921,100
R_247wAHNmDBTXbjE,43511866f3bc77d9_861b49d1857524a8_cc430c747a15dd31_b2ca49e918f8cc1f71982fd8935f8903,3409,100
R_AiyxAQoSeI8fixz,b91cbf9082494966_861b49d1857524a8_cc430c747a15dd31_061778d2bb543e13b4daff4708fccba2,2733,100
R_3PNRK7irJMklkFO,abc07c5f99614ac9_861b49d1857524a8_cc430c747a15dd31_da57875071e64e5fd500dc770804cdf5,46636,100
R_9YPD0h105eIUq2d,ba9f1d1a472c023f_861b49d1857524a8_cc430c747a15dd31_7970b8a15c3da2266862fc7b933ab1b5,3118,100
R_32Qv0zcMObFkZIs,b65bd11b066ff27d_861b49d1857524a8_cc430c747a15dd31_8e967824164a13d2f7a39cb8b0f4b69b,47922,100
R_1dcuqiUaAdRTxWD,3acc4b13a4589baf_861b49d1857524a8_cc430c747a15dd31_714f1564e0d542f545dae8c1352e12a5,3975,100
R_2V3jcwfVRuBLC2S,dd35d09a38892505_861b49d1857524a8_cc430c747a15dd31_11a792531810cbe6457e16f71fd637f4,3347,100
R_1EcaeZEnL1unkcT,fc9a70843c0b85b2_861b49d1857524a8_cc430c747a15dd31_47d48364e55ce653ac4bf7d05ae4474c,4053,100
R_wLA5VTpTk2iMNs5,8f79616289bd149f_861b49d1857524a8_cc430c747a15dd31_1f0e5458c0ff1427811808500b0f556a,3652,100
R_2Sjd0Em3XJ8K0F0,2d7a510d4b7a94b9_861b49d1857524a8_cc430c747a15dd31_b324a8d2fca443d39a73ec7ce4c896a1,2501,100
R_1KpOyazNm2nxZtG,947f3bdd97565133_861b49d1857524a8_cc430c747a15dd31_8fb85ae56ca0380477fb00072c5f9405,3441,100
R_2yezFWuroY6wn8s,b038674fc0a0d45b_861b49d1857524a8_cc430c747a15dd31_e2f14c76ed0f2514734153e7624cea7f,4443,100
R_1P1QulcMq2ac5o0,36fa05b3150581bc_861b49d1857524a8_cc430c747a15dd31_4c0fbc3f77c3394689b17cef26b324cf,50511,100
R_2sTFQU61HV8Z4Yk,2cf9b9f6f75738a5_861b49d1857524a8_cc430c747a15dd31_1e1302ebdeafabccf1ecb748e6acd90d,4448,100
R_3qyhnjpeXE0A4rX,6f5ccc0296f11900_861b49d1857524a8_cc430c747a15dd31_0f8272a8116f8ba2fa43b68d625cdfae,3118,100
R_3isVepS2KgoRlHJ,017ffc05d053764b_861b49d1857524a8_cc430c747a15dd31_88b995a2d949e79bdda8f37fa7a1430a,4756,100
R_27U0zx34Y3xt3lf,bd400a2ba512b143_861b49d1857524a8_cc430c747a15dd31_d6be730473b5005f134d2b1e4548e731,4374,100
R_8Aee8b4t9VkqKYx,f7879ca88f2ff275_861b49d1857524a8_cc430c747a15dd31_ae0a5cd856af7c9d10a08a9052cb604b,2546,100
R_2BfdMy83Ym97F8Z,355c60cf0d757993_861b49d1857524a8_cc430c747a15dd31_7e0d44c28e7cd57de90c7d430bc4e06d,3890,100
R_vcyQ57nlU9ffSIp,276cc67df84b76cb_861b49d1857524a8_cc430c747a15dd31_550bd0e3d8afa93e256cb2751bd3d89c,6238,100
R_1qWnaorkVNPZTbs,6c9a4f6115d534a1_861b49d1857524a8_cc430c747a15dd31_436e508e1e1e83de586147af9a5b03bf,4022,100
R_OOUrtPTD54HF4fn,467b6093c30fa446_861b49d1857524a8_cc430c747a15dd31_b46bd9943b3e48f678f2930fcd7b6cdd,5491,100
R_1JJYuT147PkD9aX,b03183cc29416d3f_861b49d1857524a8_cc430c747a15dd31_df775f680590045f03ca6318cc886184,3172,100
R_3NQzbvUqqwoztG6,208193a5dda81a35_861b49d1857524a8_cc430c747a15dd31_1f5b29abb57d6d747f71f88a40467c5d,2437,100
R_3PMm3GXXyl7Ukbo,936273264f19a05c_861b49d1857524a8_cc430c747a15dd31_e0057e8dd6bc7ddb52a8ec3fcdd027dc,3075,100
R_2wLTrN8AYEshQmx,21a8c184154baf71_861b49d1857524a8_cc430c747a15dd31_18a2755cf07514982c56193f2ec9061f,6354,100
R_32Mix6IaI87KKvy,4441643f22c21980_861b49d1857524a8_cc430c747a15dd31_a782b8792b7280428a789954f50d336f,3739,100
R_3HwCJDfL6MFr1Pt,0173f45f6d69fd6b_861b49d1857524a8_cc430c747a15dd31_d77e0a952d160fa7223c9952667a19f9,58745,100
R_SAG6JdRnuCW2X2V,770f3ac6d62c5214_861b49d1857524a8_cc430c747a15dd31_a821e883c3f4ed5ebd2889135bd954c2,3378,100
R_1CeG8bkVoKyipzl,f22af6d057d95ff2_861b49d1857524a8_cc430c747a15dd31_9f979aac25ddbc25e585f6f1aa4fa52b,4932,100
R_1IHtPDY08UtO4yH,8acf7ddd83c52afb_861b49d1857524a8_cc430c747a15dd31_951d360015165fccf9a2e8c716072d38,4165,100
R_1DMzXFScrrwWtYY,766c38a6d5504f1a_861b49d1857524a8_cc430c747a15dd31_a92712386c13863da4e05090aa9ce5a8,60368,100
R_2aLbcJcIl19SyWY,c890c49f42b7fa84_861b49d1857524a8_cc430c747a15dd31_1e560cabd79ed7e8cb0b2d6acd51040f,5425,100
R_QgfgyD93ncEC7OF,b43c9326f947f8cb_861b49d1857524a8_cc430c747a15dd31_9c4da58b16425342caae3a6ecbac9ae4,5824,100
R_1hFoeI7GcmtM6vO,272323b2f1305d82_861b49d1857524a8_cc430c747a15dd31_d3ebdb2b91991127e7b98c0e393d77f8,2660,100
R_2zUBY3FUNbNqAkL,6aa95fbf6981faf1_861b49d1857524a8_cc430c747a15dd31_4b544ccff8719e044ddfff1cea421eed,12483,100
R_3EhFGlRk5RxnZ7W,37d7da485b527982_861b49d1857524a8_cc430c747a15dd31_e4eec565a8a64a5e4ead3c5475f71fb7,8300,100
R_3lEU94Jt4fuKGk6,4cfc771f06d19fb9_861b49d1857524a8_cc430c747a15dd31_c64617b4a63feb22a2d950c9ba341067,3866,100
R_1nT73rBCxui7TQB,af072b86f7ca8246_861b49d1857524a8_cc430c747a15dd31_77d710a666380ba4c7b22a0b058f7eb8,47748,100
R_3m3N13GoI1Al66L,cad6fc2496ff6900_861b49d1857524a8_cc430c747a15dd31_3785b6318049c50a04271f0b780ee86e,3977,100
R_2cw5loCTsBCoaGt,4f71ac107ba17282_861b49d1857524a8_cc430c747a15dd31_16b352670985ec7bd029c0bc1d9f2bc2,5173,100
R_3frxEeKJkglsp34,f5bab38c54a84b9c_861b49d1857524a8_cc430c747a15dd31_bafb78fd2969a1221b4c4db64bf2eb09,4551,100
R_3kLEW2VDrOj7AnO,b1704fbc6d6f46db_861b49d1857524a8_cc430c747a15dd31_fdf9d55bd8ea38017b8bf28f2fc0c7cb,8270,100
R_PUuIfI2beRNRaXT,aa33c19467667673_861b49d1857524a8_cc430c747a15dd31_cf2db63a422028402877476f93bb3d0f,5398,100
R_BQRYnMpEWMcx9JL,a4c92c0a8172443a_861b49d1857524a8_cc430c747a15dd31_85c726a0aaa5917a84f1c67c52e2254b,7760,100
R_YYr4EW62MeNVLln,30b3a0787778af62_861b49d1857524a8_cc430c747a15dd31_878914529e555512875b46155c24fb47,5534,100
R_1jIeVSqcu8pOzYa,815158f9b9c3a507_861b49d1857524a8_cc430c747a15dd31_e0cb78dda3b9094a835b52b2e8a1a4da,6438,100
R_9v6YFILrj4dV9ex,34638f6792879b24_861b49d1857524a8_cc430c747a15dd31_081174bfc6dc02bcb5d8a88d40bca091,5135,100
R_39IEqIVIJp7LGjn,441d836c69996633_861b49d1857524a8_cc430c747a15dd31_81c84e495e8a624d7553108c9e1bed7c,65223,100
R_2ZR2Hz8obnpCRM3,3c4380635a703592_861b49d1857524a8_cc430c747a15dd31_1278fbbb71328428c9497defb993e40f,4576,100
R_UDVoQnYwvxBR7xf,5927f5787192d404_861b49d1857524a8_cc430c747a15dd31_05525c80ed9809b3b41f03aea43b5ef2,10288,100
R_ezgHYJbPK5t5UY1,75b97b0a09909c77_861b49d1857524a8_cc430c747a15dd31_f1cb609713fe58657b789a3143793eb9,3308,100
R_2YFAqonVZd1gcgo,20c5ffbb631283b5_861b49d1857524a8_cc430c747a15dd31_1952508d4a1b35ea56fa3492df9dae75,71789,100
R_3fN9bRAmm3A5jHQ,6408d67f196966b1_861b49d1857524a8_cc430c747a15dd31_273d9f1494e8f5835f8fbdc2ea8e1a53,3350,100
R_1r6xcOlXGOepvye,7204588cf77f33f5_861b49d1857524a8_cc430c747a15dd31_ff70fdc07d3363bc51d30e7139dacfd9,5093,100
R_3oIaOmM173nwmXo,a51288d497113d36_861b49d1857524a8_cc430c747a15dd31_c171abcca91c1b215aef0e0208f960f0,3544,100
R_XCeJRd43ophrWc9,62a0a025291d6bd3_861b49d1857524a8_cc430c747a15dd31_ec7a7cb3a4967f5ad6cc4de17caf6250,5743,100
R_ufVGu4vnkolo1CF,21755b042faf8aa0_861b49d1857524a8_cc430c747a15dd31_5db84798895c6bd02b7f5950b02ae6ae,7834,100
R_2fHXu7wmY3L0Bgm,d7f7049fcbc14601_861b49d1857524a8_cc430c747a15dd31_d956178fba14147e86ed46cbe4bd4fa6,4052,100
R_31z2cTebSltKOAk,4a08ffa163dcc498_861b49d1857524a8_cc430c747a15dd31_8dd3fe8bf9d1b2cb25273eabb0bce671,5275,100
R_rrLH9cz5MmDsZtD,0c22771df64bc28f_861b49d1857524a8_cc430c747a15dd31_af1b1a2d2d6f07fd738fba30160c2038,15603,100
R_246hcVWQyB1RlpS,a21792a439dfdbb1_861b49d1857524a8_cc430c747a15dd31_a3cd7dd8794f9015ade30fc2dc3ceff0,3680,100
R_2D65VGIli9HDB98,3fc89311dba3c75b_861b49d1857524a8_cc430c747a15dd31_deaa2f2fff7098c053ebb76b44e88455,4871,100
R_spTYLysXeNd5j6F,c764658d196ad0d9_861b49d1857524a8_cc430c747a15dd31_cf482bbcf61739a6a4aa8430948c4c19,5949,100
R_1hEBMbpklOZvXCX,db430d030b3c6df5_861b49d1857524a8_cc430c747a15dd31_6739e4c23f417259d9f983aac556b644,21020,100
R_12KmuxFe9zcvmKU,dd76a28700f6b286_861b49d1857524a8_cc430c747a15dd31_216bedf1a3c1161b46c357b00bda8f1c,3760,100
R_1FRGv63wTXXw7QB,2603b56c5118dac8_861b49d1857524a8_cc430c747a15dd31_f918de467a5b8d29f53352152c9cacf8,4169,100
R_31EiBpoLMeWVSuA,9f0f9c4f1a28a9a1_861b49d1857524a8_cc430c747a15dd31_1c2f52c69e0da83f4f95bd5b330bdfd5,6014,100
R_3MDoGzaY2BI3W1h,cc1cc46900a56302_861b49d1857524a8_cc430c747a15dd31_ce94ac7ad5ce85ddccbc1b5575c821b7,14210,100
R_3kh2MqZCz4rbQaB,b1a50b631ca716ca_861b49d1857524a8_cc430c747a15dd31_b86b7017e5043a0e3e482228afd1a693,16218,100
R_3ELN6MMtM2jsr8l,c520dfd98cf119db_861b49d1857524a8_cc430c747a15dd31_60665f5a4d549c483e7c91eae451cb63,4212,100
R_2E5Z3PNxvl2DdIx,7768b24247c0563d_861b49d1857524a8_cc430c747a15dd31_002724092aac2bb23e06e1efa9155be9,75705,100
R_1jeyRSymXwzQxMh,c5518f85bffb3162_861b49d1857524a8_cc430c747a15dd31_a04929d2b87c52d7053491041f7219ba,6944,100
R_1mE1pBBNdG6Vz8i,746759f66cbab112_861b49d1857524a8_cc430c747a15dd31_85d449ad79b057b8f0224a83a8ba21d1,4261,100
R_263Yz9y1GAHF9d9,f7f40abf4cb62cfa_861b49d1857524a8_cc430c747a15dd31_d26b94359e228c161408ee514e6c1da3,3642,100
R_XXifu6SlXPpeNvH,d64f75c1b7482941_861b49d1857524a8_cc430c747a15dd31_e942b1f515d16641cf63515511ad8749,2646,100
R_3pr4W3JLZhVVGHR,6077259a68aa5815_861b49d1857524a8_cc430c747a15dd31_d2776d21569d7fd073196676e023f98c,2878,100
R_1JDwQLhskE8YPA7,5a9c7bc669acaf1f_861b49d1857524a8_cc430c747a15dd31_7a2136921a604087968e0c3297131b57,4656,100
R_3fYSnnJWNRoWZ9A,ac7533a8cfa98c51_861b49d1857524a8_cc430c747a15dd31_4129679b3a7660e297849fb12c32ef49,2254,100
R_2S3ks1eNkK3Sgvg,7b4ffbffb9c5b996_861b49d1857524a8_cc430c747a15dd31_1d6cdde8818aa5018849a05963c66a24,4500,100
R_cUO8kwY7KKennDX,0fa40408b534f75c_861b49d1857524a8_cc430c747a15dd31_f804fdc970090d5fd9e27599aa221db5,4561,100
R_3fiOowQSR0q0MG4,140c7443bfbf7705_861b49d1857524a8_cc430c747a15dd31_b7195abc82d4532712cd53c00a5a2326,83338,100
R_2BlhV6tlAsHK1bQ,831976a00a34a8c1_861b49d1857524a8_cc430c747a15dd31_210e780ba6c29d1f52677f0cf73d2151,5408,100
R_23d7c9MX5A4G2N4,a742d51bf11c251f_861b49d1857524a8_cc430c747a15dd31_23332c8d09a9ddab803d388f7e50a38a,15650,100
R_3e20CQ8XoDmzO2f,7d72118d83b03965_861b49d1857524a8_cc430c747a15dd31_8073fbd589c869c3ec0b030abdec876c,92540,100
R_AANZPn0NjDVVO6d,2af28d5a5f920314_861b49d1857524a8_cc430c747a15dd31_7646e1096997228b46562185b4ca6a03,2991,100
R_31HOHD3Vp7bj90f,4c94da9f83a1bc5b_861b49d1857524a8_cc430c747a15dd31_e8893c5157e7c0d2574b8bf0f7d0246b,45465,100
R_3ku3g45Mo1MAQwR,cd36cbf9c72f95d9_861b49d1857524a8_cc430c747a15dd31_044e85ec1b26462eca873485624d28d8,85476,100
R_1oAxXz5pBAaIWgZ,09254cf626303421_861b49d1857524a8_cc430c747a15dd31_a47b1905e0078f80a9df815b78a6d2f0,4542,100
R_9EUwxd7NHDg3agx,3153ac864285b135_861b49d1857524a8_cc430c747a15dd31_c07bc40140aa5e62023d3134efce1f31,4962,100
R_3qjSl6iEqiLG2CD,ac7670c95a0f30f1_861b49d1857524a8_cc430c747a15dd31_eb8e3e76d2738f0edec334718c5f342a,3836,100
R_3iQ2lnMl3TKnvZT,b3cc0ccfc7bad170_861b49d1857524a8_cc430c747a15dd31_24a8374034a111ab4aaad4c48ca68205,3716,100
R_3smq4EM8CbSxoMd,40ff902f7f351d05_861b49d1857524a8_cc430c747a15dd31_39e1f914277a900959b84f9a6cd2fb7d,5662,100
R_2afMwzTtBk3V4Uk,2cc1926803fa696f_861b49d1857524a8_cc430c747a15dd31_c81c3e631f308f5db7169785346001cc,41951,100
R_1gO3qGSv0LSpMIE,0288daa87d758c00_861b49d1857524a8_cc430c747a15dd31_5988f855a30e602801d0ff2304863cf8,85323,100
R_3Jtp1TWT6m04ikc,c95b693f1f74131c_861b49d1857524a8_cc430c747a15dd31_97ed16b132f462233106c026829f280a,3343,100
R_1hTjM2vvOBO1cKk,451da9ddc6a20193_861b49d1857524a8_cc430c747a15dd31_3acb5ee8b6e27fb194b6cc7ee2200ace,10275,100
R_3oXc5WBMRc25rXE,aadf72ba180740ab_861b49d1857524a8_cc430c747a15dd31_e47185d0bdd0b6c422b30f6819413d9e,9159,100
R_xn1tvBYQf6wsWL7,c910f16c9cdd3316_861b49d1857524a8_cc430c747a15dd31_13daff78d93bdfa5c48001a71897a154,17289,100
R_1ovhHjWCsbuzBYa,40c415b72c86d974_861b49d1857524a8_cc430c747a15dd31_1f61a3498faa2654084c5f1aa42960d4,4554,100
R_d9Z1aWTMEW3XqJb,6dcd12329c73f0da_861b49d1857524a8_cc430c747a15dd31_7742a7623382bf340c92df46c8e5b927,47085,100
R_3qCKPXvhQYDaHC1,fb0a2cc16d4110ab_861b49d1857524a8_cc430c747a15dd31_8e0e6954570ab9138ed64e4a80887ae2,3726,100
R_3flNTsCQwBeuNIs,7c98f953d1b10281_861b49d1857524a8_cc430c747a15dd31_22c2da8c8cb4a5f1b73fee0dae0e502c,4487,100
R_3HHe6IOiLzud5v7,81a899aa5541c5b3_861b49d1857524a8_cc430c747a15dd31_71302b7227c580da7465b647e2751275,3876,100
R_cOB36mZe9hnkfGp,57ad16252f80fa2c_861b49d1857524a8_cc430c747a15dd31_0aab06145e895c97a0bfb7edeba81b5e,5045,100
R_1f2fQ9hLlV56ImB,7d5805877614cbd0_861b49d1857524a8_cc430c747a15dd31_19b80f6e6455ef1a9991a42bfe83e3e1,4380,100
R_3EW4bkszBmwtysC,df0ca52898c11069_861b49d1857524a8_cc430c747a15dd31_9534e13cc51334852fdc6f70c9bf8c81,80177,100
R_vpg2CJ2wooRYVpf,5aa5b1634d3c4a4a_861b49d1857524a8_cc430c747a15dd31_1cd80861d6b304e5bb0fc1120a83084c,37385,100
R_82HJxt4I6zKOz1T,fffa2534289f6121_861b49d1857524a8_cc430c747a15dd31_aa217292e038ee46944d9cc8fe00951b,9024,100
R_2znyWaok3izfqDx,85f7293ccfa7d4a1_861b49d1857524a8_cc430c747a15dd31_1e627bcdc37927685bdcbb7527689ad4,108105,100
R_31XbB48jxR5w5L3,71a94269099babf2_861b49d1857524a8_cc430c747a15dd31_cf51d34a17c5e018b082dc6b68e736f2,1921,100
R_1jEd01Kdve8867J,a69bf44b09a9dbd8_861b49d1857524a8_cc430c747a15dd31_f919d216111845e6d836b94c0837df71,4473,100
R_1jfZYrD2SnlaGUO,db388bba5f0667f7_861b49d1857524a8_cc430c747a15dd31_7b91608c7145c42d605713de96c863ce,3952,100
R_2TGkmbdkAnm1EDs,042479d7c4f4b8ab_861b49d1857524a8_cc430c747a15dd31_86e7b1c2316a78af0c721b4524ba78c5,90937,100
R_6AtGmHSSS4zCxEZ,78a7da9f6fa03191_861b49d1857524a8_cc430c747a15dd31_730bc9f7fe9fbd4fa95ebfbca9b31403,140188,100
R_33EgUx2cHwUovRU,361cf24c20871dd2_861b49d1857524a8_cc430c747a15dd31_e6a99f2c60023ceb8b21e7be3d0a481d,136374,100
R_1QonPwz2eaqQinx,c0a3c67ab81414f2_861b49d1857524a8_cc430c747a15dd31_805141ef019c1b352560e178290f6588,45650,100
R_3QDwyWjTDo6uOb0,917a3f10bfb21d01_861b49d1857524a8_cc430c747a15dd31_731cd4c44dc901167d4eb7101bda96e4,2353,100
R_273ab6t2LOT0H42,6157ca09111331d6_861b49d1857524a8_cc430c747a15dd31_3378026e84ce200b5c6f791f0d411c84,142276,100
R_2SCbTAwAMIy14CS,df27d59322263172_861b49d1857524a8_cc430c747a15dd31_1501725afee27faa5d37d5750ae84320,2637,100
R_AgMifVCLEq4tM0p,d3d2fa0f82120574_861b49d1857524a8_cc430c747a15dd31_80dfc60b81c1db22eb1eaa533ecf474d,3021,100
R_3lYPvTvHaP7Ov3X,b296904602a2c4b8_861b49d1857524a8_cc430c747a15dd31_b17fd477220ed86be03ad40146d17d4c,2777,100
R_yDu5IQa185ztwZ3,66f286aad98ac403_861b49d1857524a8_cc430c747a15dd31_232765a0c2ccbc17d327ada793ab1076,83713,100
R_3oAVCGqa7FlBsT4,84f4bf7a06a53977_861b49d1857524a8_cc430c747a15dd31_cffcd390657303e4b1720e3b950a654f,2609,100
R_2xXZMcHBZf5jHWt,5f92f2113ab8fcd5_861b49d1857524a8_cc430c747a15dd31_36b96c541d2046c02eb794f39c1d222d,4161,100
R_1gi3a6ddYyhwoxX,6c1c6a9f380b4068_861b49d1857524a8_cc430c747a15dd31_5d1b26f5d34ba0ec602fbd87ed98bb39,4062,100
R_3kHscbRqhLt7xhl,2736c4bf9dfb313a_861b49d1857524a8_cc430c747a15dd31_c7a7b9b482d018d2ff9e6c5332c76529,4700,100
R_2y91mZTVe4QQ6xu,7506c8505bf899f3_861b49d1857524a8_cc430c747a15dd31_b171a3d31d20489c3ddbaa1c02c165ea,3922,100
R_2EgbcuE1sV92vnQ,8b56ff71d4cc9cdb_861b49d1857524a8_cc430c747a15dd31_496e42db6771bc2503d753add4557610,1959,100
R_1BXx4ozQL160kgj,db7f806632ad19a9_861b49d1857524a8_cc430c747a15dd31_614a46fa269eca81231fac222e59aa08,5376,100
R_3MhZcqiweLAb7Eg,778bf27b15526c1c_861b49d1857524a8_cc430c747a15dd31_0b5c5cf3122ac8f0eb6a9decdb729834,3213,100
R_3exDGtGt6jGQb5V,3524530fc885db29_861b49d1857524a8_cc430c747a15dd31_3c70e5d11d01a5e8bd8576238f7465f9,4647,100
R_OBYvfxsY1teqXEB,9130a047267f1754_861b49d1857524a8_cc430c747a15dd31_75d4b71c10eb0d4f89c9f346c0059295,3582,100
R_2UhHbb3RxAdKaeU,72a705fc76f22549_861b49d1857524a8_cc430c747a15dd31_599f6d72adc2e3ef218b3e34480525a9,3626,100
R_1DzId3iFRKww7YQ,0db1c8961146183f_861b49d1857524a8_cc430c747a15dd31_1c749c86fe8054cb2a588bf059a1e6e3,3082,100
R_7WKUksB5OxHkZTX,14c3162b700b304b_861b49d1857524a8_cc430c747a15dd31_07a82517d0f4c8b6c8484b8ef92d8aab,6519,100
R_3qrs3RBap1SNzqg,2da27a0d8a175c74_861b49d1857524a8_cc430c747a15dd31_29b99466ef94994988aa1ba14ed8f686,4617,100
R_20YbHmrew2fjhYK,bd82744746c9f2a5_861b49d1857524a8_cc430c747a15dd31_2ca1c6964a91d0ce647f80ed501c79a4,145791,100
R_eaCxG03aBB94WPv,d7bb6793786bc727_861b49d1857524a8_cc430c747a15dd31_354b28152071d5a22ee7a7822f4836d2,6204,100
R_1Hq7xD4f7ne9tTa,92a1228084a24bca_861b49d1857524a8_cc430c747a15dd31_b4a6465fe9c67d65ba078595887c42dd,4135,100
R_OxH0SVKbPS8svQZ,696a0674d42f2419_861b49d1857524a8_cc430c747a15dd31_5a54cc68b7ab4fac0627555221debb84,4681,100
R_263GWOR4yQZAlRv,9afc546126a312ca_861b49d1857524a8_cc430c747a15dd31_ac9792ce23d9e8792987acc43fc70333,100041,100
R_3MyvJT8cv5cgBrE,c932cba45249f425_861b49d1857524a8_cc430c747a15dd31_a6b457ce07ed7c193f53b93f45647872,2684,100
R_3nPDenSN2NHXB08,49ff042829a90f02_861b49d1857524a8_cc430c747a15dd31_762ce3863e0044385a80a823c35a7da2,4523,100
R_1q2ESoB7sNpcvpW,ac067999fd3d7279_861b49d1857524a8_cc430c747a15dd31_5c575ccddaba2c16ff902e9eb029c621,147142,100
R_eUKBiHKdXtJzobf,bb5510da3c843bcc_861b49d1857524a8_cc430c747a15dd31_ade55553f0300d13f24a23a39ceecf75,3425,100
R_wYGKN1PGEoHhT1L,06c4069d6b705d0d_861b49d1857524a8_cc430c747a15dd31_9cb43af02e408a77dd3c7442aa3dc8cd,6373,100
R_2qadwqbjsOZPuOL,80c77594804fc558_861b49d1857524a8_cc430c747a15dd31_fdadba94911cd837cdffdf4c932a7eb0,7451,100
R_2YP0kcwc4rgoVUN,a45ab26cb5a4cb66_861b49d1857524a8_cc430c747a15dd31_75ffe841eeff8ed07e18e4f90b133189,6958,100
R_2i3eqnaT3ZVP7QB,b1212ca4f2abc673_861b49d1857524a8_cc430c747a15dd31_acc4699d8e6b5ab91383f8188ff36bbe,6612,100
R_2bJ0a1nPTrPFrfz,3d6b2174db3a0b33_861b49d1857524a8_cc430c747a15dd31_6c3dd44aef59a3b1d9956811031ba518,1900,100
R_2qdDDdc9TqSJeCp,108d04db1438aa01_861b49d1857524a8_cc430c747a15dd31_adbbf8b81f2f71602848bc964e58af06,3356,100
R_RFwc1TiPPcPHtqp,730062b47071547f_861b49d1857524a8_cc430c747a15dd31_5a9a92ca10261d2a454ab4f9151847f4,5937,100
R_2yeeLxWbbBZqavH,25b60401a7d296f7_861b49d1857524a8_cc430c747a15dd31_990474aaed07309211fcf8ad5dd76364,3948,100
R_3NCaLQB2HA02bNG,6ac199b80d75593c_861b49d1857524a8_cc430c747a15dd31_fc04921b2a13169fd1ae516b577670fe,148471,100
R_Q6WrFMCb4al9gop,daf5a0b03222923a_861b49d1857524a8_cc430c747a15dd31_915dfe58d6623363047c4bb38ce53d2a,94027,100
R_1irpcblgwHfz4IQ,5b769294ac320cf9_861b49d1857524a8_cc430c747a15dd31_5fcae4da5d4a34b90093a79f94972bf3,139135,100
R_1mKny0RcZfas4zl,ad9903f07ccf5b33_861b49d1857524a8_cc430c747a15dd31_51e108a8a20e79a8fcad854485850b94,5725,100
R_1HoQzrmvYr4pJKS,d3445039659a51da_861b49d1857524a8_cc430c747a15dd31_945cbc5899d2672f51e752ea8d424447,5049,100
R_VUOliaDKBeCKNy1,2446b20b3af3b787_861b49d1857524a8_cc430c747a15dd31_94ca65088b56aa17dd44ed9747ced1bf,7266,100
R_1JCtiJ5avbGB8FI,b9ba1a73ddcbd069_861b49d1857524a8_cc430c747a15dd31_d1493adb3f86c22e22aa239723711d47,5467,100
R_VIoygRoPjoF73MJ,f68acf4ba28085c6_861b49d1857524a8_cc430c747a15dd31_710b4b86977eb8c35a28a73b81a17ba7,5421,100
R_3GlVTFhm7WyAJmT,cc9cb8cfb7f367ca_861b49d1857524a8_cc430c747a15dd31_b4bbd14c6a16a3d3d6a70ae88c34cb16,8082,100
R_2aOEE0ojj4FYLs5,50659a5002264d8c_861b49d1857524a8_cc430c747a15dd31_5f144b0630cb154530c80c05c808f037,5866,100
R_1N4w91RecRPWRJR,d4d6630f9d2ffc29_861b49d1857524a8_cc430c747a15dd31_20dd4c04537ef8a773829be3b73297a4,3270,100
R_psEW3zdhKcKUdUd,ad3027fc5bcf57a4_861b49d1857524a8_cc430c747a15dd31_7799c1a40529845844cefbf48cfc9745,4204,100
R_3dMwh69Ywz8tZZE,5c2f200a42103158_861b49d1857524a8_cc430c747a15dd31_10e79ee8736509a98aaa269c213bc978,86293,100
R_3dWDULJVFHYYScP,fb75b0fbf70b34bf_861b49d1857524a8_cc430c747a15dd31_337472112e2ccec9934d38bd1151d264,4786,100
R_31B0euf1JewiHKs,14853f6b6730232c_861b49d1857524a8_cc430c747a15dd31_e90c052a7a4bcd1363122bcb11f1062c,6428,100
R_3pfNDL8eNqBGnbc,5ad55dbf1f1618ad_861b49d1857524a8_cc430c747a15dd31_40ac00487180124b8dd3d1baacf1212b,139638,100
R_daPHE2avgo18MXn,d3c0aaa997bb7585_861b49d1857524a8_cc430c747a15dd31_6fc994a14985c1284a7c437e21e00db2,6881,100
R_OGYHjqFlzK6Z9yp,7c99b5ab7daf950b_861b49d1857524a8_cc430c747a15dd31_bed7058adf1e419a835f00233f6d7fb4,4523,100
R_1LLnjOp5QelTEuN,989f30b749a54224_861b49d1857524a8_cc430c747a15dd31_d092281c120918027c3880c7e7740bc2,12761,100
R_ahr8odwc6owI653,1065d88d1d441358_861b49d1857524a8_cc430c747a15dd31_987a45def65bcc9a7290cc8d6f45842e,96290,100
R_0ICKV9fwdNAZCGR,448cda634af0a6b8_861b49d1857524a8_cc430c747a15dd31_94927bb973dd3acd28b8488f75ff4af9,3722,100
R_3F34pfjeH57jZgR,d2ba43261815f03a_861b49d1857524a8_cc430c747a15dd31_629e149e6f15f0b5a98b7c39b60a78f4,6053,100
R_1l63zHJmRX6EwEA,1bf52938b089dcf2_861b49d1857524a8_cc430c747a15dd31_c3d68ec4ba95bde44d7d3c15e82e3c20,8457,100
R_2nQphfysKzvf4s1,94d5d49a04d93bbd_861b49d1857524a8_cc430c747a15dd31_b501c5fa51461b027b5f31d7d0d11119,16609,100
R_tYz1KbgkSsgABRD,f26c1c757a4c9ff9_861b49d1857524a8_cc430c747a15dd31_2d888aad3e0de2c0e746fb80c985c83c,85247,100
R_3IQMddXpHo60nCA,884389c9fb49c77d_861b49d1857524a8_cc430c747a15dd31_9124bab197e19176bc05d65f74ef48e0,13845,100
R_1JKsJrtAn4wh9Gi,7cba6c5334d771b8_861b49d1857524a8_cc430c747a15dd31_662f1f0c42b05f1a90dc8ff1e39032dd,2774,100
R_3LbEa8xmPrcueXT,f983703d41c9f0c3_861b49d1857524a8_cc430c747a15dd31_652807ae29dfd69a4856f254bd4f0d50,2577,100
R_2D5iCvUasLRviSc,897a23db03110096_861b49d1857524a8_cc430c747a15dd31_b9888e5e3c73b2d11c660163873205d8,4937,100
R_32WsBT6aeXaozLb,8da3dc29b27f09ff_861b49d1857524a8_cc430c747a15dd31_dfa63d32d954fff0e02aaab3c41e85de,3978,100
R_PwDBoObKicDXuut,aa835f0699fb510a_861b49d1857524a8_cc430c747a15dd31_f61081b34abb95b9b4adb24591adde43,14584,100
R_2y4pWAMV7kZewsd,87f0c20b447dbd34_861b49d1857524a8_cc430c747a15dd31_6658defaca0793f8fa83114eecf0e5f8,21035,100
R_1DUAMBuX1CMmZHO,f57385aa64a37ad8_861b49d1857524a8_cc430c747a15dd31_a89047db3d845ab0b9ba6d4a24a24952,2951,100
R_1gCRHrAsjlxLnm5,fa3fdfa4a220695b_861b49d1857524a8_cc430c747a15dd31_e62b3ec7ff1a0b57406bf42e8f588b7a,5059,100
R_1M6eghWpMtw8bab,ba08795affcb6174_861b49d1857524a8_cc430c747a15dd31_8e2340f61cb4f87a505050cd378c3b20,9494,100
R_2SiVu8fHLG0tAfz,6183c10c72400317_861b49d1857524a8_cc430c747a15dd31_d1f8ac7af50bef95a470f4bb1b165def,3675,100
R_3MPvuo4WjMxSBo1,f4f922712143d798_861b49d1857524a8_cc430c747a15dd31_6514fb94c2a3ce8410350f477afa0fc9,3630,100
R_3eqwV95nsGGMr1g,373497396514f736_861b49d1857524a8_cc430c747a15dd31_b1d9c6187ed163db2e24f8185c635557,63007,100
R_bw7BMYYC8VXuzhD,36bbdd53d7fc6c43_861b49d1857524a8_cc430c747a15dd31_da6637d11962a540974c467a12e338a5,4070,100
R_oY89mlDSXk625Z7,59305383120023d7_861b49d1857524a8_cc430c747a15dd31_a9b010efb31efe8074d4d29454f5bb9f,24538,100
R_1CEgf2Hu6Xhc4sw,3b8d9080b4b7c802_861b49d1857524a8_cc430c747a15dd31_3ebc454b8c933e4ba857e4a2746a7ae0,6845,100
R_3Dw2SiqMO6pITS0,78a3350088dd4672_861b49d1857524a8_cc430c747a15dd31_bff7fbb36796b6a1fe789959792fcf19,3863,100
R_22tz0eHg8RNLr74,9ddd084858156025_861b49d1857524a8_cc430c747a15dd31_76c277ef7c5fced3f78990c92888c4d4,18477,100
R_3qBYTfnjiYBZD9C,151151cb26db9636_861b49d1857524a8_cc430c747a15dd31_1d13e842ba6c67a7048d805dafb09fc3,153710,100
R_NVYp7tiIT6XdBn3,1489bb14da7f85a2_861b49d1857524a8_cc430c747a15dd31_2b45a0d312a389a6f69978f2d34e6f74,31965,100
R_1mmYxy9iHqcOdTK,,19719,97
R_3KJeJJFKD7JgMgF,2a59c020026607f0_861b49d1857524a8_cc430c747a15dd31_ebedc9a6542b55f03e68e38c0f6f2836,2161,100
R_3hsaK8atcpi90q1,a4b2026b6bd8bf2d_861b49d1857524a8_cc430c747a15dd31_c10646aebe5d86176352a400ca31f11e,26494,100
R_3ltfpauNTRV9XK1,7a9d0282c549c247_861b49d1857524a8_cc430c747a15dd31_f81785ebdf903b7a2ea0c529ad4c1953,5812,100
R_3ferRdNkw3OHgHW,78cc3dd580861cd0_861b49d1857524a8_cc430c747a15dd31_2316877445b185785e5035cf43e37421,15742,100
R_1r9wrTdzfGnz1fs,5431c76fa77107a6_861b49d1857524a8_cc430c747a15dd31_21dc1eaa3f1cea0dd50bee71521b6961,4755,100
R_2amq10muc6UeIxR,0166dda6cbdf616a_861b49d1857524a8_cc430c747a15dd31_65c200d099b349d6eb092bc2f31b3377,30397,100
R_5vyxckL5VA3Y47v,d55c0430b4348310_861b49d1857524a8_cc430c747a15dd31_e242a2e74bf034291241dc34d8d1354a,3847,100
R_10Mgu4Z8SJSoIvC,96190f7293dd55df_861b49d1857524a8_cc430c747a15dd31_d040c3c012dcb716e717f1326709904a,4473,100
R_27vf0hoq6CjfwG7,db12a05c3f15bdd1_861b49d1857524a8_cc430c747a15dd31_e985cca896927be84fbb07e26898cb87,4233,100
R_3KGBi5QlIDqGAiB,5817bd587c38b6db_861b49d1857524a8_cc430c747a15dd31_0292e4797f39f0ae53af016a14e59194,3431,100
R_3JxQipgNrmkECO7,c173ffdf0a1b89d6_861b49d1857524a8_cc430c747a15dd31_0028f599b244ea5e63beb0553afced1a,2710,100
R_3OjHIOO5dbiPuO1,3d514a93676f1951_861b49d1857524a8_cc430c747a15dd31_1353f23532ff6e3347831971aae7eacc,80690,100
R_3O9pI48yJk19XOe,451f2a9173492d20_861b49d1857524a8_cc430c747a15dd31_189ed466b8e4fc6a674dcb6e90c65dc2,3530,100
R_2ykmdnQ8EScBWVg,061a51dd75574414_861b49d1857524a8_cc430c747a15dd31_ccd46fd4074b88d540f390977aa42f25,6503,100
R_6F4VMRoCXxuBrvH,05f0b30b9d0a8a72_861b49d1857524a8_cc430c747a15dd31_07b6ae5e27252ff08de8b7b51278c653,3861,100
R_3knQ400x2ZdT4RD,30cf0cfad659c55b_861b49d1857524a8_cc430c747a15dd31_25a353ef80cabe44de53daf8540e35ad,2842,100
R_2R2FIncQVXyfAdC,40758dcdf4f41b64_861b49d1857524a8_cc430c747a15dd31_81ecbfc53bf4af4504ed530e89198e68,22985,100
R_yZIqXNzKfJiS9UJ,5685b501469f1b93_861b49d1857524a8_cc430c747a15dd31_7b93e122a09943305d2860601f829866,6534,100
R_3M68pL0ZKcmqaDd,fc44a40517d8375d_861b49d1857524a8_cc430c747a15dd31_83b948a2b6cf8d8ab42a547d843323a2,174752,100
R_33jdjEEMLDAUpiQ,848cd0cfcd75c48b_861b49d1857524a8_cc430c747a15dd31_164de20652fd02e0c8718401a1a5aef7,4455,100
R_3PTA18o62zJeaXo,15db161c63968019_861b49d1857524a8_cc430c747a15dd31_02d8614d7cedb6fd5eb2b48109b2bba4,180445,100
R_PIgK67lM9HXclgd,8496d7852244a852_861b49d1857524a8_cc430c747a15dd31_5faeb95b0957d4965591e6da11921501,177858,100
R_3LZSCVkF6IyyMIy,f459dd2bba533313_861b49d1857524a8_cc430c747a15dd31_1a489338c2729940959d29713b3c861f,18248,100
R_2fpMpLK7lUbVURf,4d1f54825b3f5f2a_861b49d1857524a8_cc430c747a15dd31_5726938e0c5306a25f50f5958cee896a,47128,100
R_2bNs0HgrqfNcFLr,5d0364f3d9d40578_861b49d1857524a8_cc430c747a15dd31_2e2d545fbabe11c4a0c3c72b83e22f7d,5242,100
R_3HTVeiKnimXUpVj,f1df6b5f64722089_861b49d1857524a8_cc430c747a15dd31_33f0294043a7ed9ce26cb7a61511ce09,5049,100
R_3QDgTWgAYZpAIoJ,0dda7528c415bc7f_861b49d1857524a8_cc430c747a15dd31_4b2c958e51cabbc5e1038f10d425e16e,2973,100
R_1EdsXmKEVzFL7G3,00982b85d199d460_861b49d1857524a8_cc430c747a15dd31_212a2964bebff304a3e74d406727b950,6522,100
R_2azglyWHmjmLJkL,97f8ac6a23314a01_861b49d1857524a8_cc430c747a15dd31_189556f686db7f376cea07dbb2fa37ff,28810,100
R_PAKioIYqu80BAqZ,48259f67a8646687_861b49d1857524a8_cc430c747a15dd31_4f0e1bae5b3a81cb7bd8a4c8c7cafd62,2524,100
R_25Tu8faZSKSTarB,95ad32344cba6f70_861b49d1857524a8_cc430c747a15dd31_3b3db12fb8d3de27eff2ccca3b18aa84,85466,100
R_1ILXfCbRFhowjvs,126ffd0460006051_861b49d1857524a8_cc430c747a15dd31_5c4b0ef8b4c41449313001fa469aaa2d,170122,100
R_28J5WJntsENxngc,75bc2df2ffb136c6_861b49d1857524a8_cc430c747a15dd31_d5763a27ddbb3070d13065d93585cf54,26143,100
R_2VeGVaVg05GQjJS,21625b819f45a704_861b49d1857524a8_cc430c747a15dd31_ef8b8533885cee3e0438c31763111ce4,5962,100
R_3e4A0MimEaAFmCN,72b884ab163f5895_861b49d1857524a8_cc430c747a15dd31_0ab7f5bb758a839086bfa9d293f0c487,174457,100
R_1jfXcqHfSWb34uA,c5b5ff7b01120b64_861b49d1857524a8_cc430c747a15dd31_474b3135f264ae20bb782c114f460416,35287,100
R_10ASuNjk49G7Mv4,234f84c4a6974da4_861b49d1857524a8_cc430c747a15dd31_d32e982dfc44f2725edb332b3d27b511,3760,100
R_UYnbwPCwd3HMuNb,97823432bca661c9_861b49d1857524a8_cc430c747a15dd31_6776205e141aa411b9276fb67e3199bf,3505,100
R_10YNf77MNohmevQ,a9f76b62c2df15bc_861b49d1857524a8_cc430c747a15dd31_5646f750dd5e8977c3b8633562a05a23,5488,100
R_6txID3FBagMDON3,f511455a524c50b8_861b49d1857524a8_cc430c747a15dd31_1b10fe935ae3c2cb45eb4263c1db6984,3673,100
R_PtHmf7AFUqeqAeJ,4824fbbb790d8676_861b49d1857524a8_cc430c747a15dd31_f38e9ee23765cfc3f5c32c362c9fab5a,4107,100
R_3Pi997ociQPNuoy,762627739ac3bcf0_861b49d1857524a8_cc430c747a15dd31_a3ad7e24ec911d157cd54e6b6b0f3b7c,3471,100
R_VRadvUH3VIwc1eF,09cb7d5f188a9f57_861b49d1857524a8_cc430c747a15dd31_3e5b4faf4e3c58fc7c47de7386351aa3,4202,100
R_22LGkCGpfwC0P6O,b06666f127048b6d_861b49d1857524a8_cc430c747a15dd31_01d841d379b2ca0ae27cacad6fd155b2,6761,100
R_tRigs3VkHlRXGxP,20254d3c4f7d0667_861b49d1857524a8_cc430c747a15dd31_8f9ecaf8822601daad72df4e44088342,3449,100
R_3O0QiC4IAbNCk6N,d41c84f9aa0dd26c_861b49d1857524a8_cc430c747a15dd31_7ad51e6a7f5e5ee65e6f315e670fe2e4,121932,100
R_1hYVdKUUI2l8zpI,a5d646296740fd19_861b49d1857524a8_cc430c747a15dd31_477a9efd3e611c95abfc49670eb09a02,5896,100
R_2tF13OqjvqPyXGI,2f2831213f3a9d99_861b49d1857524a8_cc430c747a15dd31_e0cdb48cd293c308ba6ef9541877aca9,3653,100
R_2zCG56MEIHw27XI,77147d7a7532912c_861b49d1857524a8_cc430c747a15dd31_a948fdbfae51f149ebd26700588a0ac6,3001,100
R_3HMrw7wyL8K5PHX,3c11d5557a564a53_861b49d1857524a8_cc430c747a15dd31_c03068f86d32085f0f62127e538bd357,5663,100
R_24d4hCgh84mjNsN,bb6a1d0f03a80acc_861b49d1857524a8_cc430c747a15dd31_f54ff92c93d40159bdd0bae9d356b30c,9245,100
R_ZmEjjL951LkFrK9,5c5f419292858d8f_861b49d1857524a8_cc430c747a15dd31_e605b478a0be317bea28c0415a63b831,3649,100
R_1CJHmnmPLFegeCS,58488adca52ad454_861b49d1857524a8_cc430c747a15dd31_7c25298976d55e7de715957a4e8d90b7,8149,100
R_1hYEn668zhA44xz,f98b8f3866b24a62_861b49d1857524a8_cc430c747a15dd31_814d13d4c94b5ada1419f75b68ce0ca0,7269,100
R_2zwlHnz1OpMMX6N,f989bf611ddc7233_861b49d1857524a8_cc430c747a15dd31_b92b2cefb29e376a65414d3c5c8f5d3f,4923,100
R_324wTId01ECnyec,d6cddbc15ff2a68d_861b49d1857524a8_cc430c747a15dd31_584984d9314a5b30896c143c324a2a12,239403,100
R_bNrLl9eMOCvcKXv,c8835a9ba9a7cdd5_861b49d1857524a8_cc430c747a15dd31_1378afaf66d1d5c783405ac837a37a5f,2846,100
R_PSNyrpmcO6zArpD,d2580fa5c11b4da9_861b49d1857524a8_cc430c747a15dd31_9d653368d7f4d530f6998f0797b7b232,3334,100
R_AiIjv4IPXmgRSbn,d9d9668f0051c260_861b49d1857524a8_cc430c747a15dd31_31dde4651429d36306817a1b5ad352ba,3150,100
R_31FQnt7t4fJfJDK,06adf7db9d0f171a_861b49d1857524a8_cc430c747a15dd31_cd93dd8635c93c2ba05ca9ead01b1b5d,3430,100
R_1etyFKDQA1esAJe,2162290a849270c3_861b49d1857524a8_cc430c747a15dd31_c3fbb606a3ec8beebf3430c6776727b1,3618,100
R_3ly0DRIg8EJkvW7,98337dbc7f6a1fca_861b49d1857524a8_cc430c747a15dd31_14203ac25609562838ae7de04e6d9fc1,2954,100
R_2RTVfOzaVtEqsqD,85676770164c60aa_861b49d1857524a8_cc430c747a15dd31_44d1e53853f975e3966be960ecd89968,63212,100
R_3P79PTCd0bPN4OK,17837772a4c78456_861b49d1857524a8_cc430c747a15dd31_eabbd74b711458a179c3fca22329e057,4030,100
R_W2QSFLyRruYwyjf,b2d73df57c4113c6_861b49d1857524a8_cc430c747a15dd31_485405799656f9bde9ee4edfa59b48eb,12607,100
R_3RwsBBhuUfP2jRj,c4d48fc0db5805d8_861b49d1857524a8_cc430c747a15dd31_586254eed390fb624a575736d6f88120,2921,100
R_3saEM56WDlgB19y,bd85f84fc6325a08_861b49d1857524a8_cc430c747a15dd31_ed6bc9649ed8a0d87e90dab974853e92,4225,100
R_0AItWXdCZbu4IWl,a63a2770590c2381_861b49d1857524a8_cc430c747a15dd31_61035dd629074970a43c17474bf51f6b,3523,100
R_3J2YSDJ49gwDZl8,f2aaafda3973d615_861b49d1857524a8_cc430c747a15dd31_c6e4c08418d4b628d6f8d0e519de2a95,3779,100
R_bsKanECKvmgjmb7,3ac5d2066d26b732_861b49d1857524a8_cc430c747a15dd31_9004b77dff8ec3bba8934ea7852b58c3,3211,100
R_VJX3NZ4fYTsT5Ml,bf8d0773c17868aa_861b49d1857524a8_cc430c747a15dd31_3094eff37ce99f155f20a1b9f38e4d02,4186,100
R_2zFInpsPC9EkQnx,c87b20f41fc6aa19_861b49d1857524a8_cc430c747a15dd31_db90ae11526d60d6741677e15e3a991f,4481,100
R_1ri7JMa6hB5jcBw,665fb540d8336827_861b49d1857524a8_cc430c747a15dd31_4ffe54ad716e1ecdf4d0ce846df59eac,5461,100
R_1LqkiZ3WdCiTeaa,310b74c67bcba517_861b49d1857524a8_cc430c747a15dd31_d4beb4c45d1be0163804f9e268c713da,3337,100
R_1rJJ1x5UL627niv,af868d20fb882596_861b49d1857524a8_cc430c747a15dd31_15386ed61b09698f96ba09f8fecb2903,5393,100
R_2uEA8dEtPKeuNVF,690fa210024c405c_861b49d1857524a8_cc430c747a15dd31_a604348cee7ba1e483b76cc6cf519efa,4851,100
R_2rqqCU1q7BkNDSD,82d440c3ad659052_861b49d1857524a8_cc430c747a15dd31_4262de23e6b1c25c476ba91751b9c104,3376,100
R_3JLu5S6HyfUSe3E,b9aa315899dff288_861b49d1857524a8_cc430c747a15dd31_a57e89272ec7c769aa7295b321240869,3505,100
R_3hE1wXPRjACRsnA,04bb4d3c92058385_861b49d1857524a8_cc430c747a15dd31_320571ecfb3020d3c820fff982f783dd,4610,100
R_08TY7RE74j3cEAF,df87b6c2003af232_861b49d1857524a8_cc430c747a15dd31_261263c93ddcb08f758b2d287f94e899,4196,100
R_2axAhesP7jRZjll,c99d2413794c001f_861b49d1857524a8_cc430c747a15dd31_de08925c7cdfa437bedf2cc244674ae6,4380,100
R_6RkLkZMEExCAJDH,dbfdd79ac923100d_861b49d1857524a8_cc430c747a15dd31_54dae6c492797f8ba4b27799bf815251,3964,100
R_6L3Mz5pk6xHUcsF,d88f37ddba9d2a18_861b49d1857524a8_cc430c747a15dd31_643f86a1e0482e87605c18f360e4889c,13227,100
R_2aPGAmge3s122re,59bbd41536fa0a82_861b49d1857524a8_cc430c747a15dd31_fbe13d26a788fae8aa7423857bb899e5,6228,100
R_ZrT0qsRNihgzii5,f3ff5306a10f5983_861b49d1857524a8_cc430c747a15dd31_428de91f2b9af46487a24d1b61186272,8146,100
R_1mOXI9BP6aUgM5X,d94b5dac3b2c594b_861b49d1857524a8_cc430c747a15dd31_be79215a3234cadc7b2d99ac8bab44e2,3480,100
R_2UaAuaAOQKUPTnF,1047fba02c1cd57a_861b49d1857524a8_cc430c747a15dd31_207987b5f10bb89521f9b62f4dde48a7,23787,100
R_27d83PHFG7YE40f,3c5ff0441b2f5b90_861b49d1857524a8_cc430c747a15dd31_99a6e9e57d700197c87850f47b06499e,3250,100
R_12s62H11Mm2978A,b87d2b47f5679228_861b49d1857524a8_cc430c747a15dd31_ec4175a972cc97a6b17f52c1eb546dd7,3481,100
R_3qHIkMP1hBb2Y8U,905469f89b261dd3_861b49d1857524a8_cc430c747a15dd31_f0aae24be776479f88c00cdc36a88987,15976,100
R_9SPFZg8QURA85gt,7da977d84f0b4030_861b49d1857524a8_cc430c747a15dd31_602ae574036b856f87c60ae8bc1db208,9515,100
R_2cC3znoYa2h7prB,7a226d938079436a_861b49d1857524a8_cc430c747a15dd31_89bed520ba7975893cdf3118e4415161,3101,100
R_3iXCn13xTa0j3uN,83c87c44da5fd14b_861b49d1857524a8_cc430c747a15dd31_dc53c9aa644f714e87ec0955b5e7c2f3,4616,100
R_26lkqRqGOS7fwZA,30755f410930b9d5_861b49d1857524a8_cc430c747a15dd31_8df95be77054a282ddef9de0c063a12d,4844,100
R_0oHbJiRIMuw1igh,466482d3a4361f4b_861b49d1857524a8_cc430c747a15dd31_63edc5b7293f974ae923ccdd4bb07d7c,2939,100
R_23ejcPGSIagrQYR,752d3c08263b7fdf_861b49d1857524a8_cc430c747a15dd31_0fe6e131855bd4e449b8d6d75ec5524c,3881,100
R_1gcDv5E8rEOwwhN,86d42d784ff67051_861b49d1857524a8_cc430c747a15dd31_d6a2ec5c09c09d146b823a2c68e41cad,11682,100
R_06YEm11iwc010sN,a0c5d47b462d684f_861b49d1857524a8_cc430c747a15dd31_aae30e02655463606d61520b35d8f307,172134,100
R_2xKxFXv8eb21JdN,c53409b88f0698f7_861b49d1857524a8_cc430c747a15dd31_b914cdffd729c2cb876365daf8e8656a,3773,100
R_2SxgninQAEROTnd,66f343ff66b04a98_861b49d1857524a8_cc430c747a15dd31_ec52421f3e9de91fa8383dacc9098765,3308,100
R_DIFxZDbW4zUkoaB,70c095505b38fa6b_861b49d1857524a8_cc430c747a15dd31_d732d924dfb85e51b1332fb7da346ea4,4820,100
R_2q9iHsnHRk44FNn,70532358d271f900_861b49d1857524a8_cc430c747a15dd31_5a063f14873ac09b1baa478444fa9c1e,3975,100
R_3EMTINlnxcx7A7Y,f04098f170c81c10_861b49d1857524a8_cc430c747a15dd31_38a003c848e42d94cdb7abdb1461c6a9,3490,100
R_2qxUIL5PbO7jLmy,53dbdcc5644a0d77_861b49d1857524a8_cc430c747a15dd31_b53522d96eb637585d3d0341a2974973,202687,100
R_Wwzztjfn25XJLW1,5c87f4111632f750_861b49d1857524a8_cc430c747a15dd31_ac33fcd3ee069f2833ceeae672f340a7,6369,100
R_1hRop4gJl62G2L1,2753b1d912a5bf55_861b49d1857524a8_cc430c747a15dd31_cb7780d8918c7bbcd415ed8191e24279,4757,100
R_2Vxso7T3tE3Qvdf,23d155178b571524_861b49d1857524a8_cc430c747a15dd31_9b1e97d0445164609f22bc2888181752,4326,100
R_1QAg5FNZi3yB8uu,b7d624905413a602_861b49d1857524a8_cc430c747a15dd31_72b4e915e6d02e75cbd0264b13269b18,8286,98
R_1Hk1aRPPeFPduDB,c81c8cdacad32194_861b49d1857524a8_cc430c747a15dd31_646c46525bef8a1f8ce85fed2f586098,5208,84
R_26owQ5bR6em4XRL,5728448a99c0f205_861b49d1857524a8_cc430c747a15dd31_00e998286a07f7a2ef04e135fcdd4916,3780,98
R_31gU28gO2PQHd9Y,b61cff08a8b06c8a_861b49d1857524a8_cc430c747a15dd31_c10fad46265dce685a66ba39890c28b0,8564,86
R_1HhmH48WIIOYAH5,f76cac6623552296_861b49d1857524a8_cc430c747a15dd31_f0be235bb39af984338bbafaad3d7900,142135,98
R_1pnfWxWoD1zAy1M,9a87df2b5924f6a2_861b49d1857524a8_cc430c747a15dd31_4e4ecc400598d4e8e3803c28b99033fb,229655,98
R_3J1JyvkJUCl7oFt,191db87d12ad0525_861b49d1857524a8_cc430c747a15dd31_0c336a78267c5c2459fab8483681c3a1,3807,98
R_2X4iCTi4utq1jjv,c49b470c159107d1_861b49d1857524a8_cc430c747a15dd31_849ee2e6cbce51d896a53bc5adc64539,11391,94
R_2P6AAEHkYOblRDt,47a56a205793cf23_861b49d1857524a8_cc430c747a15dd31_2863b8ecb2d645ca1d43d13b2f43ec77,2814,94
R_1litjLXtuSYx3NE,a259da8b0f7c0ca0_861b49d1857524a8_cc430c747a15dd31_6827b17b33cc833e04e0ad613a9045a2,199728,84
R_3MKZ8nlhZ6cISr6,8c86bc0f27f095ca_861b49d1857524a8_cc430c747a15dd31_7faf5a4c5325d0cdf6672a318505f48d,5033,98
R_1IT0RhPThHTksAB,08725203b5cf9d3f_861b49d1857524a8_cc430c747a15dd31_8439c91d79f10c7d47e740ebbdf1919e,5572,85
R_32WmFdK1o8MkB0X,91c2bd7d1f638153_861b49d1857524a8_cc430c747a15dd31_d152234f5bcd7b545849153828998365,5450,85
R_W0gstnwfWzupryh,99fc450674a69f41_861b49d1857524a8_cc430c747a15dd31_b771521ad5113de9527ff4accba98cdc,4072,98
R_27NDlO0AMl8iiyB,083cd27b43318209_861b49d1857524a8_cc430c747a15dd31_6af63e3d42b25762cf8fb03791d8eb88,3374,84
R_3rV8T4yiXBz9ZyA,5cf01828cdd05327_861b49d1857524a8_cc430c747a15dd31_9005b686b381f04a9edcd3394fb6d857,4494,98
R_32XwaxqQJfxJ95Q,a20096f47adbfabd_861b49d1857524a8_cc430c747a15dd31_3b0fadbaea9b54700ef91b65bfc923d1,3575,98
R_1dEmIuwUyTd4tdn,3a56300990845393_861b49d1857524a8_cc430c747a15dd31_c4be8bd1356629f2ee06efc517b71f3e,5927,98
R_2fjG6uXpwHU1nMa,f54c8108cc866dbd_861b49d1857524a8_cc430c747a15dd31_52c4001ed1ba6f64343916e668a04e56,5349,85
R_yPi1m8fCEPfnZ6N,f0f1d02df8d92ab1_861b49d1857524a8_cc430c747a15dd31_2238463bdb3ef38b0d21e5147ec48b26,3476,84
